Job Practice, Group (Category), Probability Segment of training data mapped to node possessing orders in specified JP Group  : 20 | Corporate Finance (jpg:20,idx:19)
Catgory Probability,Ex Count at BMU,BMU Map Loc
1.000000,2.0,(20|28)
1.000000,1.0,(20|34)
0.8875904,3.0,(20|29)
0.8741450,3.0,(19|29)
0.8319415,3.0,(17|28)
0.8117647,2.0,(18|30)
0.7839335,3.0,(17|29)
0.7714808,3.0,(16|29)
0.7302325,3.0,(18|29)
0.7217069,3.0,(16|28)
0.6376812,2.0,(30|35)
0.6328125,3.0,(15|28)
0.6250000,2.0,(21|29)
0.5714286,3.0,(16|27)
0.5714286,2.0,(38|33)
0.5666667,3.0,(16|30)
0.5000000,3.0,(3|10)
0.5000000,1.0,(17|20)
0.4838710,2.0,(17|30)
0.4800000,3.0,(3|9)
0.4800000,3.0,(5|9)
0.4438202,3.0,(15|30)
0.4408602,2.0,(22|36)
0.4333333,1.0,(16|21)
0.4319249,3.0,(15|29)
0.4137931,2.0,(19|30)
0.4038461,3.0,(14|29)
0.4036697,3.0,(21|26)
0.4035088,2.0,(20|30)
0.3928571,2.0,(38|39)
0.3814433,3.0,(39|40)
0.3409091,3.0,(9|30)
0.3333333,2.0,(18|28)
0.3157895,2.0,(19|28)
0.2884615,3.0,(2|28)
0.2857143,2.0,(12|12)
0.2822581,3.0,(16|17)
0.2781955,3.0,(14|28)
0.2727273,2.0,(22|34)
0.2500000,3.0,(38|46)
0.2432432,3.0,(12|31)
0.2400000,3.0,(3|27)
0.2400000,1.0,(9|22)
0.2264151,3.0,(14|15)
0.2222222,2.0,(30|48)
0.2210145,3.0,(16|20)
0.2187500,2.0,(10|12)
0.2173913,2.0,(18|19)
0.2142857,2.0,(18|24)
0.2142857,2.0,(49|10)
0.2110553,3.0,(10|29)
0.2105263,3.0,(43|44)
0.2000000,3.0,(14|33)
0.1969697,3.0,(30|9)
0.1944444,3.0,(14|30)
0.1941748,2.0,(41|42)
0.1923077,2.0,(17|18)
0.1893491,3.0,(2|2)
0.1857143,3.0,(2|17)
0.1818182,2.0,(10|13)
0.1803279,1.0,(16|22)
0.1782609,3.0,(7|7)
0.1762114,3.0,(4|8)
0.1744186,3.0,(10|30)
0.1739766,1.0,(30|36)
0.1739130,3.0,(0|8)
0.1739130,3.0,(48|8)
0.1724138,2.0,(16|33)
0.1714286,3.0,(6|16)
0.1694915,2.0,(7|16)
0.1679389,2.0,(15|20)
0.1605839,3.0,(13|29)
0.1600000,2.0,(41|39)
0.1578947,1.0,(14|17)
0.1564626,3.0,(15|21)
0.1562500,3.0,(16|16)
0.1538462,3.0,(0|9)
0.1538462,3.0,(13|11)
0.1533546,2.0,(14|27)
0.1525424,3.0,(13|33)
0.1509434,2.0,(0|18)
0.1489362,3.0,(1|28)
0.1487603,3.0,(13|30)
0.1473684,2.0,(9|17)
0.1470588,3.0,(4|9)
0.1470588,2.0,(18|33)
0.1466667,3.0,(11|11)
0.1461988,3.0,(8|29)
0.1456311,3.0,(1|10)
0.1456311,3.0,(2|10)
0.1435407,3.0,(6|10)
0.1428571,3.0,(1|8)
0.1428571,3.0,(2|7)
0.1428571,3.0,(10|31)
0.1428571,1.0,(14|11)
0.1428571,1.0,(18|20)
0.1420455,3.0,(2|14)
0.1408451,3.0,(11|27)
0.1406250,2.0,(11|26)
0.1395349,3.0,(4|11)
0.1395349,3.0,(4|12)
0.1379310,2.0,(11|33)
0.1379310,2.0,(33|1)
0.1369863,3.0,(13|31)
0.1368821,3.0,(5|10)
0.1368821,3.0,(5|11)
0.1365314,3.0,(11|32)
0.1363636,1.0,(16|23)
0.1354167,3.0,(5|12)
0.1307190,2.0,(18|23)
0.1290323,2.0,(44|42)
0.1288344,3.0,(4|16)
0.1276596,2.0,(16|19)
0.1272727,3.0,(31|0)
0.1269841,3.0,(1|12)
0.1269841,3.0,(2|11)
0.1269841,3.0,(2|13)
0.1269841,3.0,(3|12)
0.1259259,2.0,(2|43)
0.1259259,2.0,(2|44)
0.1250000,2.0,(3|8)
0.1250000,2.0,(5|8)
0.1250000,3.0,(9|31)
0.1250000,1.0,(15|27)
0.1250000,3.0,(23|10)
0.1250000,1.0,(32|47)
0.1194030,2.0,(12|19)
0.1191136,4.0,(1|11)
0.1180124,3.0,(19|23)
0.1179487,3.0,(48|17)
0.1176471,2.0,(10|10)
0.1176471,2.0,(18|31)
0.1176471,2.0,(22|33)
0.1176471,2.0,(33|19)
0.1164384,3.0,(29|48)
0.1160221,2.0,(10|27)
0.1153846,2.0,(13|10)
0.1133333,3.0,(19|44)
0.1132075,1.0,(10|20)
0.1129568,2.0,(47|15)
0.1127451,3.0,(16|31)
0.1117021,3.0,(15|31)
0.1111111,3.0,(2|45)
0.1111111,3.0,(9|12)
0.1111111,1.0,(28|32)
0.1111111,2.0,(30|24)
0.1111111,2.0,(32|0)
0.1111111,3.0,(38|42)
0.1111111,2.0,(46|45)
0.1098901,2.0,(9|28)
0.1086956,2.0,(16|32)
0.1073826,3.0,(49|15)
0.1065831,2.0,(49|17)
0.1052632,3.0,(2|27)
0.1052632,2.0,(32|4)
0.1052632,2.0,(33|3)
0.1052632,2.0,(49|43)
0.1044776,3.0,(17|22)
0.1040724,3.0,(14|31)
0.1038961,3.0,(16|37)
0.1028571,3.0,(19|26)
0.1025641,3.0,(0|14)
0.1025641,2.0,(40|39)
0.1025641,2.0,(42|44)
0.1013986,3.0,(4|10)
0.1011236,4.0,(26|49)
0.1000000,3.0,(12|14)
0.1000000,2.0,(26|29)
0.09967846,1.0,(15|24)
0.09956710,3.0,(1|9)
0.09956710,3.0,(2|9)
0.09890110,2.0,(49|41)
0.09859155,3.0,(20|33)
0.09859155,2.0,(29|30)
0.09790210,2.0,(0|43)
0.09756097,3.0,(9|9)
0.09756097,2.0,(35|33)
0.09734514,3.0,(7|17)
0.09565217,3.0,(10|32)
0.09558824,3.0,(2|8)
0.09523810,2.0,(21|42)
0.09275363,3.0,(48|18)
0.09166667,3.0,(8|23)
0.09128631,1.0,(15|22)
0.09090909,2.0,(7|29)
0.09090909,3.0,(12|33)
0.09022556,2.0,(10|11)
0.08988764,2.0,(48|11)
0.08988764,2.0,(49|13)
0.08943089,2.0,(1|16)
0.08888889,3.0,(11|30)
0.08771930,2.0,(43|41)
0.08750000,2.0,(11|13)
0.08695652,1.0,(3|31)
0.08695652,2.0,(15|18)
0.08579466,2.0,(14|25)
0.08560311,3.0,(0|42)
0.08421053,2.0,(1|17)
0.08421053,2.0,(2|16)
0.08403362,3.0,(2|32)
0.08333334,2.0,(4|14)
0.08333334,2.0,(4|15)
0.08333334,1.0,(9|29)
0.08333334,2.0,(35|17)
0.08292683,3.0,(0|10)
0.08256881,3.0,(0|38)
0.08256881,3.0,(0|39)
0.08247422,2.0,(12|30)
0.08219178,2.0,(7|4)
0.08163265,2.0,(47|28)
0.08148148,3.0,(6|19)
0.08064516,2.0,(6|7)
0.08064516,3.0,(13|32)
0.08064516,2.0,(15|23)
0.08000000,1.0,(4|1)
0.08000000,2.0,(45|19)
0.07920792,2.0,(11|31)
0.07894737,2.0,(14|19)
0.07766990,2.0,(32|2)
0.07692308,2.0,(6|44)
0.07692308,2.0,(44|40)
0.07627118,2.0,(12|27)
0.07586207,3.0,(6|21)
0.07578740,3.0,(17|19)
0.07563026,3.0,(15|32)
0.07547170,2.0,(11|14)
0.07346939,4.0,(17|41)
0.07317073,1.0,(11|21)
0.07317073,1.0,(19|14)
0.07241379,3.0,(18|22)
0.07142857,1.0,(47|27)
0.07065217,3.0,(5|6)
0.07017544,1.0,(15|17)
0.06955178,3.0,(15|19)
0.06930693,3.0,(30|49)
0.06896552,3.0,(18|26)
0.06896552,3.0,(19|15)
0.06862745,3.0,(40|42)
0.06818182,2.0,(31|48)
0.06722689,3.0,(8|16)
0.06666667,2.0,(0|17)
0.06666667,1.0,(2|26)
0.06666667,3.0,(16|13)
0.06666667,1.0,(47|45)
0.06632653,3.0,(4|7)
0.06613226,3.0,(14|32)
0.06547619,3.0,(16|34)
0.06521739,3.0,(2|12)
0.06521739,3.0,(6|9)
0.06521739,3.0,(8|32)
0.06521739,2.0,(42|40)
0.06504065,3.0,(8|27)
0.06498195,3.0,(29|34)
0.06451613,1.0,(4|28)
0.06428572,1.0,(5|16)
0.06369427,2.0,(27|30)
0.06363636,2.0,(5|17)
0.06349207,3.0,(4|23)
0.06349207,3.0,(11|18)
0.06274510,2.0,(6|13)
0.06250000,2.0,(4|18)
0.06250000,3.0,(14|24)
0.06172840,3.0,(22|5)
0.06060606,1.0,(15|2)
0.06018519,2.0,(20|32)
0.06015038,2.0,(7|8)
0.05970149,2.0,(3|24)
0.05970149,3.0,(5|14)
0.05970149,2.0,(18|16)
0.05925926,2.0,(45|4)
0.05921053,2.0,(8|22)
0.05911330,2.0,(3|26)
0.05911330,2.0,(48|7)
0.05882353,3.0,(7|9)
0.05882353,2.0,(10|17)
0.05882353,1.0,(39|43)
0.05785124,2.0,(4|26)
0.05785124,2.0,(28|25)
0.05769231,3.0,(11|7)
0.05645161,3.0,(1|15)
0.05633803,2.0,(3|44)
0.05633803,2.0,(47|47)
0.05622490,3.0,(17|31)
0.05579399,3.0,(6|24)
0.05567929,3.0,(42|41)
0.05555556,2.0,(11|24)
0.05555556,1.0,(21|32)
0.05524862,3.0,(6|20)
0.05517241,3.0,(27|0)
0.05517241,2.0,(45|26)
0.05487805,3.0,(40|40)
0.05426357,3.0,(6|8)
0.05376344,3.0,(48|34)
0.05370370,3.0,(17|32)
0.05357143,3.0,(0|26)
0.05319149,2.0,(13|21)
0.05283019,2.0,(40|41)
0.05263158,2.0,(0|11)
0.05263158,2.0,(16|24)
0.05235602,3.0,(4|13)
0.05230769,2.0,(20|31)
0.05194805,2.0,(21|25)
0.05172414,2.0,(20|24)
0.05172414,2.0,(41|41)
0.05154639,2.0,(4|17)
0.05135521,3.0,(21|30)
0.05128205,1.0,(19|17)
0.05084746,1.0,(14|20)
0.05067568,3.0,(49|18)
0.05042017,2.0,(8|11)
0.05042017,2.0,(36|2)
0.05031446,3.0,(18|25)
0.05000000,2.0,(0|28)
0.05000000,2.0,(1|13)
0.05000000,2.0,(24|23)
0.04946997,2.0,(44|34)
0.04938272,3.0,(25|23)
0.04932735,3.0,(1|20)
0.04918033,1.0,(27|33)
0.04912281,3.0,(12|11)
0.04901961,3.0,(10|35)
0.04901961,3.0,(15|16)
0.04878049,2.0,(2|48)
0.04878049,3.0,(9|33)
0.04878049,2.0,(13|34)
0.04878049,3.0,(22|9)
0.04874835,3.0,(36|36)
0.04864865,3.0,(46|5)
0.04864865,3.0,(47|4)
0.04864865,3.0,(47|5)
0.04854369,2.0,(13|28)
0.04848485,2.0,(14|22)
0.04836193,3.0,(20|35)
0.04824561,3.0,(9|26)
0.04819277,3.0,(5|18)
0.04814815,3.0,(13|18)
0.04792332,3.0,(48|6)
0.04784689,2.0,(46|17)
0.04778157,2.0,(44|44)
0.04771372,3.0,(21|34)
0.04761905,2.0,(0|6)
0.04761905,1.0,(10|6)
0.04761905,3.0,(21|22)
0.04716981,1.0,(24|48)
0.04716981,1.0,(25|48)
0.04687500,2.0,(10|25)
0.04672897,2.0,(32|36)
0.04651163,2.0,(27|46)
0.04629629,1.0,(8|13)
0.04545455,1.0,(6|29)
0.04545455,1.0,(9|21)
0.04545455,2.0,(34|6)
0.04545455,2.0,(35|7)
0.04545455,2.0,(35|8)
0.04545455,2.0,(44|35)
0.04545455,2.0,(49|9)
0.04534005,2.0,(13|22)
0.04522613,3.0,(7|10)
0.04516129,3.0,(40|43)
0.04504504,2.0,(27|29)
0.04477612,1.0,(10|18)
0.04444445,1.0,(13|12)
0.04428044,2.0,(49|12)
0.04379562,2.0,(3|39)
0.04347826,2.0,(9|18)
0.04347826,2.0,(9|19)
0.04347826,2.0,(11|29)
0.04347826,1.0,(12|3)
0.04347826,1.0,(15|41)
0.04301075,1.0,(10|5)
0.04301075,2.0,(10|9)
0.04301075,2.0,(38|6)
0.04291845,3.0,(5|24)
0.04289544,3.0,(21|46)
0.04255319,2.0,(4|49)
0.04255319,2.0,(6|5)
0.04237288,2.0,(28|30)
0.04225352,2.0,(42|42)
0.04221636,2.0,(38|40)
0.04210526,2.0,(48|14)
0.04201681,2.0,(9|25)
0.04166667,1.0,(28|46)
0.04109589,3.0,(14|10)
0.04098361,2.0,(9|16)
0.04058442,3.0,(49|11)
0.04009434,3.0,(16|38)
0.04000000,2.0,(8|14)
0.04000000,1.0,(26|27)
0.03990025,2.0,(32|3)
0.03954802,2.0,(32|19)
0.03921569,3.0,(8|8)
0.03906250,2.0,(27|48)
0.03900325,3.0,(31|47)
0.03891050,3.0,(20|26)
0.03883495,3.0,(6|15)
0.03875969,1.0,(8|26)
0.03869048,3.0,(7|19)
0.03838384,3.0,(39|45)
0.03827751,2.0,(42|20)
0.03806228,2.0,(7|18)
0.03797468,3.0,(12|10)
0.03780069,3.0,(14|34)
0.03703704,2.0,(7|27)
0.03703704,2.0,(12|35)
0.03703704,2.0,(12|38)
0.03676471,2.0,(30|25)
0.03669725,3.0,(21|27)
0.03658536,2.0,(12|16)
0.03636364,2.0,(10|41)
0.03619910,2.0,(2|21)
0.03614458,2.0,(5|19)
0.03614458,2.0,(26|47)
0.03603604,2.0,(9|32)
0.03603604,2.0,(46|42)
0.03592815,2.0,(45|17)
0.03592815,2.0,(46|48)
0.03592815,2.0,(49|1)
0.03589744,2.0,(12|20)
0.03571429,1.0,(4|47)
0.03571429,1.0,(4|48)
0.03571429,3.0,(16|26)
0.03571429,3.0,(22|1)
0.03571429,2.0,(25|49)
0.03559871,3.0,(26|22)
0.03546099,2.0,(11|23)
0.03529412,3.0,(18|17)
0.03508772,2.0,(7|21)
0.03508772,2.0,(10|40)
0.03500000,1.0,(30|47)
0.03478261,2.0,(27|49)
0.03478261,3.0,(48|47)
0.03448276,2.0,(5|7)
0.03448276,2.0,(29|49)
0.03401361,2.0,(41|46)
0.03389831,1.0,(3|6)
0.03389831,1.0,(4|6)
0.03389831,2.0,(13|17)
0.03389831,2.0,(34|36)
0.03389831,2.0,(43|49)
0.03370786,3.0,(22|32)
0.03367003,2.0,(29|35)
0.03361345,2.0,(21|48)
0.03333334,1.0,(13|24)
0.03333334,1.0,(13|25)
0.03301887,3.0,(11|9)
0.03278688,1.0,(14|21)
0.03278688,3.0,(28|2)
0.03278688,2.0,(44|22)
0.03271028,2.0,(14|18)
0.03243243,3.0,(26|45)
0.03243243,3.0,(39|42)
0.03239741,2.0,(46|46)
0.03225806,2.0,(2|35)
0.03225806,2.0,(4|22)
0.03225806,1.0,(20|18)
0.03215927,2.0,(18|27)
0.03174603,2.0,(3|13)
0.03174603,1.0,(10|22)
0.03157895,2.0,(17|21)
0.03157895,2.0,(48|48)
0.03157895,2.0,(49|44)
0.03153153,2.0,(48|13)
0.03131115,3.0,(32|44)
0.03125000,2.0,(1|6)
0.03125000,2.0,(39|20)
0.03098592,2.0,(0|30)
0.03086420,2.0,(41|43)
0.03076923,1.0,(1|18)
0.03076923,2.0,(10|24)
0.03030303,1.0,(44|46)
0.03030303,2.0,(49|46)
0.03025719,3.0,(29|28)
0.03007519,3.0,(9|7)
0.03007519,2.0,(39|8)
0.02962963,2.0,(12|32)
0.02962963,2.0,(36|37)
0.02962963,2.0,(46|34)
0.02962963,2.0,(47|35)
0.02941176,3.0,(11|1)
0.02933985,2.0,(48|15)
0.02919708,2.0,(37|43)
0.02919708,3.0,(38|11)
0.02898551,2.0,(14|23)
0.02898551,2.0,(43|40)
0.02898551,2.0,(49|40)
0.02884615,3.0,(47|34)
0.02870813,3.0,(43|42)
0.02857143,2.0,(3|18)
0.02857143,2.0,(10|49)
0.02857143,2.0,(11|28)
0.02843602,3.0,(27|1)
0.02843602,2.0,(31|19)
0.02840909,1.0,(8|7)
0.02834008,3.0,(15|33)
0.02830189,1.0,(12|22)
0.02822581,2.0,(19|27)
0.02816901,2.0,(8|5)
0.02816901,2.0,(19|24)
0.02816901,2.0,(49|49)
0.02784223,2.0,(0|1)
0.02784223,2.0,(0|2)
0.02782931,3.0,(38|41)
0.02782071,3.0,(8|28)
0.02752294,2.0,(31|3)
0.02750491,2.0,(10|21)
0.02739726,2.0,(15|26)
0.02739726,1.0,(19|16)
0.02739726,3.0,(23|26)
0.02739726,2.0,(46|44)
0.02727273,3.0,(0|7)
0.02702703,2.0,(9|14)
0.02702703,1.0,(49|25)
0.02692308,3.0,(7|36)
0.02678571,3.0,(16|15)
0.02678571,3.0,(24|37)
0.02673797,1.0,(7|15)
0.02671756,2.0,(35|43)
0.02666667,2.0,(23|34)
0.02666667,2.0,(45|18)
0.02649007,2.0,(1|23)
0.02631579,2.0,(10|26)
0.02631579,3.0,(10|34)
0.02616279,2.0,(22|0)
0.02606635,3.0,(35|34)
0.02597403,1.0,(0|19)
0.02597403,2.0,(12|21)
0.02580645,3.0,(8|12)
0.02564103,2.0,(9|8)
0.02542373,2.0,(47|6)
0.02531646,1.0,(12|9)
0.02515723,2.0,(3|23)
0.02500000,2.0,(11|10)
0.02500000,3.0,(17|24)
0.02500000,3.0,(29|24)
0.02500000,3.0,(35|10)
0.02500000,1.0,(40|2)
0.02484472,2.0,(25|0)
0.02466793,2.0,(28|33)
0.02463054,2.0,(2|20)
0.02463054,2.0,(10|7)
0.02439024,3.0,(2|24)
0.02439024,1.0,(9|15)
0.02439024,2.0,(45|40)
0.02409638,1.0,(3|5)
0.02409638,2.0,(29|45)
0.02362205,1.0,(19|21)
0.02362205,2.0,(44|5)
0.02352941,2.0,(9|10)
0.02352941,2.0,(35|42)
0.02343750,2.0,(26|37)
0.02339181,2.0,(48|33)
0.02334630,3.0,(31|49)
0.02325581,1.0,(7|22)
0.02325581,2.0,(47|7)
0.02305475,2.0,(11|8)
0.02298851,2.0,(1|27)
0.02298851,2.0,(20|14)
0.02296451,3.0,(5|43)
0.02272727,2.0,(1|2)
0.02272727,2.0,(6|18)
0.02272727,2.0,(45|33)
0.02272727,2.0,(47|14)
0.02266289,2.0,(24|34)
0.02266289,2.0,(25|33)
0.02215190,3.0,(28|5)
0.02214022,2.0,(2|19)
0.02212389,3.0,(8|19)
0.02207131,2.0,(17|40)
0.02197802,2.0,(15|39)
0.02197802,2.0,(33|49)
0.02191781,3.0,(33|36)
0.02189781,1.0,(27|20)
0.02162162,3.0,(3|46)
0.02142857,2.0,(5|26)
0.02127660,1.0,(24|4)
0.02122016,2.0,(22|3)
0.02097902,1.0,(5|3)
0.02092050,2.0,(44|45)
0.02083333,2.0,(20|25)
0.02083333,1.0,(27|35)
0.02083333,2.0,(42|3)
0.02072539,2.0,(10|8)
0.02062868,3.0,(21|31)
0.02061856,1.0,(2|46)
0.02061856,2.0,(15|11)
0.02054795,2.0,(40|48)
0.02051282,2.0,(17|33)
0.02040816,1.0,(16|14)
0.02040816,2.0,(18|35)
0.02040816,2.0,(36|19)
0.02030457,3.0,(16|35)
0.02027027,2.0,(46|47)
0.02020202,2.0,(38|45)
0.02020202,2.0,(44|19)
0.02020202,2.0,(44|21)
0.02017291,2.0,(47|17)
0.01980198,2.0,(42|36)
0.01976285,3.0,(25|12)
0.01970443,1.0,(6|4)
0.01960784,2.0,(10|37)
0.01960784,1.0,(36|4)
0.01960784,3.0,(37|44)
0.01951220,2.0,(15|7)
0.01949026,3.0,(20|27)
0.01941748,2.0,(27|31)
0.01927195,3.0,(12|28)
0.01923077,1.0,(7|23)
0.01923077,2.0,(13|14)
0.01923077,2.0,(37|36)
0.01898734,2.0,(42|16)
0.01880878,2.0,(1|35)
0.01874414,2.0,(28|36)
0.01869159,2.0,(3|49)
0.01867220,3.0,(21|33)
0.01851852,1.0,(4|25)
0.01851852,1.0,(5|5)
0.01851852,2.0,(5|46)
0.01851852,1.0,(6|6)
0.01851852,2.0,(11|47)
0.01851852,1.0,(18|21)
0.01840491,2.0,(35|18)
0.01834862,1.0,(10|15)
0.01824817,3.0,(17|17)
0.01818182,2.0,(1|22)
0.01818182,2.0,(4|36)
0.01809955,1.0,(28|40)
0.01804511,3.0,(35|44)
0.01804124,2.0,(9|5)
0.01793722,2.0,(48|43)
0.01788909,2.0,(28|29)
0.01785714,2.0,(0|27)
0.01785714,1.0,(8|24)
0.01773050,3.0,(17|25)
0.01769911,1.0,(2|0)
0.01754386,2.0,(2|22)
0.01754386,2.0,(22|24)
0.01754386,2.0,(41|48)
0.01748971,2.0,(27|45)
0.01744186,2.0,(38|16)
0.01724138,2.0,(32|18)
0.01714286,1.0,(13|23)
0.01714286,2.0,(39|41)
0.01712329,2.0,(28|47)
0.01702128,2.0,(3|11)
0.01694915,2.0,(24|1)
0.01680672,2.0,(48|20)
0.01673640,3.0,(34|44)
0.01666667,2.0,(5|42)
0.01663586,2.0,(15|40)
0.01653804,3.0,(29|47)
0.01652892,3.0,(21|28)
0.01652892,2.0,(44|13)
0.01647786,3.0,(19|31)
0.01634877,2.0,(37|23)
0.01626016,1.0,(12|24)
0.01624130,3.0,(19|32)
0.01612903,2.0,(11|20)
0.01612903,1.0,(17|15)
0.01612903,1.0,(33|29)
0.01587302,1.0,(3|0)
0.01587302,1.0,(3|48)
0.01587302,2.0,(32|20)
0.01578947,1.0,(25|21)
0.01565558,2.0,(6|28)
0.01562500,1.0,(8|25)
0.01550388,2.0,(16|40)
0.01544402,1.0,(5|4)
0.01542416,2.0,(21|6)
0.01532567,2.0,(37|9)
0.01526718,2.0,(38|13)
0.01518027,2.0,(38|44)
0.01515152,2.0,(2|18)
0.01515152,2.0,(4|33)
0.01515152,1.0,(21|21)
0.01503759,1.0,(27|41)
0.01503759,2.0,(43|22)
0.01492537,2.0,(3|15)
0.01492537,2.0,(15|37)
0.01485149,2.0,(8|9)
0.01477833,1.0,(26|0)
0.01470588,2.0,(18|39)
0.01449275,1.0,(1|46)
0.01438849,2.0,(43|39)
0.01419355,3.0,(17|36)
0.01418440,1.0,(45|48)
0.01408451,1.0,(1|25)
0.01408451,2.0,(12|29)
0.01408451,2.0,(25|34)
0.01398601,1.0,(1|7)
0.01398601,1.0,(49|7)
0.01395349,3.0,(19|5)
0.01388889,1.0,(9|11)
0.01387604,3.0,(26|35)
0.01379310,2.0,(31|46)
0.01379310,2.0,(43|34)
0.01369863,3.0,(27|10)
0.01369863,2.0,(48|38)
0.01369863,2.0,(48|39)
0.01351351,1.0,(32|49)
0.01333333,2.0,(3|19)
0.01333333,3.0,(29|46)
0.01328904,2.0,(40|7)
0.01324503,2.0,(27|16)
0.01324503,2.0,(36|8)
0.01321586,3.0,(15|34)
0.01315789,2.0,(27|24)
0.01315789,1.0,(33|41)
0.01315789,2.0,(49|32)
0.01307190,2.0,(48|12)
0.01302932,3.0,(39|44)
0.01286174,2.0,(33|6)
0.01273885,2.0,(5|23)
0.01273885,2.0,(38|22)
0.01269841,2.0,(49|42)
0.01260504,1.0,(10|23)
0.01253918,2.0,(47|16)
0.01250000,1.0,(35|1)
0.01234568,2.0,(8|10)
0.01219512,1.0,(0|47)
0.01219512,2.0,(27|37)
0.01212121,2.0,(17|27)
0.01202405,2.0,(36|23)
0.01197605,2.0,(44|33)
0.01192843,3.0,(25|32)
0.01190476,2.0,(13|4)
0.01190476,1.0,(41|40)
0.01183432,2.0,(9|41)
0.01176471,1.0,(8|18)
0.01176471,1.0,(21|15)
0.01162791,1.0,(15|14)
0.01156069,1.0,(27|32)
0.01156069,2.0,(44|37)
0.01153846,3.0,(24|33)
0.01152882,2.0,(22|35)
0.01142857,2.0,(3|17)
0.01142857,2.0,(42|37)
0.01136364,2.0,(0|0)
0.01136364,2.0,(49|16)
0.01129944,2.0,(25|14)
0.01129944,2.0,(40|22)
0.01128350,3.0,(8|20)
0.01123596,1.0,(8|4)
0.01116751,2.0,(23|37)
0.01104972,1.0,(31|25)
0.01104972,1.0,(33|25)
0.01104972,2.0,(49|27)
0.01095890,2.0,(9|42)
0.01095890,1.0,(27|36)
0.01084011,2.0,(25|28)
0.01076095,2.0,(29|36)
0.01071429,2.0,(4|27)
0.01071429,1.0,(28|48)
0.01071429,2.0,(29|16)
0.01060071,2.0,(22|29)
0.01058201,2.0,(2|33)
0.01048951,1.0,(15|6)
0.01041667,2.0,(3|37)
0.01041667,1.0,(22|20)
0.01041667,2.0,(28|10)
0.01030928,1.0,(35|45)
0.01020408,2.0,(34|20)
0.01015228,2.0,(6|27)
0.01015228,2.0,(8|21)
0.01012658,2.0,(20|17)
0.01007557,2.0,(0|37)
0.01006711,2.0,(40|34)
0.01005025,2.0,(23|22)
0.01000000,2.0,(2|36)
0.009975063,2.0,(38|28)
0.009950249,2.0,(0|5)
0.009950249,2.0,(43|46)
0.009852217,2.0,(40|36)
0.009852217,2.0,(40|46)
0.009708738,3.0,(22|18)
0.009615385,2.0,(27|26)
0.009523810,1.0,(28|44)
0.009478673,2.0,(40|21)
0.009416196,1.0,(20|20)
0.009389671,1.0,(34|19)
0.009345794,2.0,(23|25)
0.009280742,2.0,(20|19)
0.009259259,2.0,(44|10)
0.009174312,2.0,(49|37)
0.009146341,2.0,(39|37)
0.009090909,2.0,(0|25)
0.009090909,2.0,(42|34)
0.009077156,2.0,(7|31)
0.009009009,2.0,(20|42)
0.008968610,1.0,(12|2)
0.008928572,1.0,(13|26)
0.008928572,2.0,(22|12)
0.008849557,1.0,(22|30)
0.008823530,2.0,(41|23)
0.008658009,1.0,(0|49)
0.008620690,1.0,(30|42)
0.008620690,1.0,(49|36)
0.008583691,2.0,(46|32)
0.008547009,2.0,(37|49)
0.008528785,2.0,(22|13)
0.008528785,2.0,(22|28)
0.008510638,2.0,(22|26)
0.008333334,2.0,(38|12)
0.008264462,1.0,(0|46)
0.008264462,1.0,(10|39)
0.008253095,1.0,(26|41)
0.008213553,1.0,(28|6)
0.008130081,1.0,(7|3)
0.008130081,1.0,(7|14)
0.008108108,1.0,(42|30)
0.008097166,2.0,(41|22)
0.008042895,3.0,(3|22)
0.008000000,2.0,(36|45)
0.007874016,2.0,(41|7)
0.007874016,2.0,(42|22)
0.007843138,2.0,(1|21)
0.007843138,1.0,(6|11)
0.007843138,1.0,(7|11)
0.007838746,2.0,(23|33)
0.007751938,2.0,(35|32)
0.007692308,2.0,(15|13)
0.007692308,1.0,(19|19)
0.007640879,3.0,(19|34)
0.007604563,1.0,(44|48)
0.007575758,1.0,(19|18)
0.007490637,2.0,(41|8)
0.007453416,2.0,(4|30)
0.007407407,1.0,(24|32)
0.007380074,2.0,(41|36)
0.007334963,1.0,(11|35)
0.007326007,1.0,(13|38)
0.007299270,2.0,(32|15)
0.007287449,1.0,(25|45)
0.007255139,2.0,(24|35)
0.007246377,2.0,(33|4)
0.007246377,2.0,(34|5)
0.007194245,2.0,(38|48)
0.007142857,2.0,(35|15)
0.006993007,2.0,(48|5)
0.006968641,2.0,(44|32)
0.006932409,2.0,(12|4)
0.006920415,2.0,(39|23)
0.006861064,2.0,(30|5)
0.006802721,1.0,(5|21)
0.006734007,2.0,(31|36)
0.006688963,2.0,(20|44)
0.006666667,1.0,(2|49)
0.006666667,1.0,(4|46)
0.006622517,1.0,(18|6)
0.006607930,1.0,(18|15)
0.006600660,1.0,(29|43)
0.006493506,1.0,(47|32)
0.006451613,1.0,(33|44)
0.006396588,2.0,(25|18)
0.006329114,1.0,(1|40)
0.006309148,1.0,(46|49)
0.006263048,2.0,(34|37)
0.006250000,1.0,(13|46)
0.006163328,2.0,(20|36)
0.006127451,2.0,(28|24)
0.006127451,2.0,(28|28)
0.006042296,2.0,(34|17)
0.006024096,1.0,(12|23)
0.006024096,2.0,(40|6)
0.005925926,3.0,(29|39)
0.005839416,2.0,(23|36)
0.005839416,2.0,(23|38)
0.005830904,2.0,(14|36)
0.005830904,2.0,(35|16)
0.005830904,2.0,(49|19)
0.005793743,1.0,(6|3)
0.005780347,2.0,(8|33)
0.005714286,1.0,(11|22)
0.005681818,1.0,(28|3)
0.005665722,1.0,(31|44)
0.005532504,2.0,(7|30)
0.005509642,2.0,(38|37)
0.005494506,1.0,(11|41)
0.005464481,1.0,(7|25)
0.005420054,1.0,(40|44)
0.005376344,1.0,(6|34)
0.005376344,2.0,(18|34)
0.005376344,1.0,(41|49)
0.005361930,1.0,(14|40)
0.005312085,2.0,(4|24)
0.005291005,1.0,(0|23)
0.005194805,1.0,(3|42)
0.005167959,2.0,(22|42)
0.005158438,3.0,(19|36)
0.005128205,2.0,(23|45)
0.005128205,1.0,(42|49)
0.005115089,1.0,(46|19)
0.005110733,2.0,(29|29)
0.005028736,3.0,(28|35)
0.005012531,2.0,(23|18)
0.004990020,2.0,(35|20)
0.004975124,1.0,(25|3)
0.004784689,1.0,(37|34)
0.004728132,1.0,(9|38)
0.004662005,2.0,(26|31)
0.004608295,1.0,(6|22)
0.004608295,2.0,(22|27)
0.004597701,2.0,(17|38)
0.004385965,1.0,(1|26)
0.004366812,1.0,(9|27)
0.004347826,1.0,(45|49)
0.004341534,2.0,(39|38)
0.004314994,1.0,(28|31)
0.004282655,2.0,(8|35)
0.004282655,1.0,(15|44)
0.004273504,1.0,(36|44)
0.004264392,2.0,(32|34)
0.004255319,1.0,(44|29)
0.004085802,1.0,(29|37)
0.003952569,1.0,(25|30)
0.003823048,2.0,(34|35)
0.003802281,1.0,(36|43)
0.003745318,1.0,(12|42)
0.003724395,1.0,(46|38)
0.003683241,1.0,(26|19)
0.003616637,2.0,(34|21)
0.003614458,1.0,(24|30)
0.003614458,1.0,(24|31)
0.003603604,2.0,(16|2)
0.003565062,2.0,(46|28)
0.003484321,1.0,(25|16)
0.003448276,2.0,(37|46)
0.003436426,1.0,(23|4)
0.003350084,2.0,(34|31)
0.003300330,2.0,(26|33)
0.003289474,1.0,(28|43)
0.003174603,2.0,(18|37)
0.003167899,2.0,(33|37)
0.003144654,2.0,(23|16)
0.003115265,1.0,(38|29)
0.003039514,1.0,(26|8)
0.002915452,1.0,(31|16)
0.002890173,1.0,(33|7)
0.002801121,1.0,(11|40)
0.002801121,1.0,(31|27)
0.002754821,1.0,(7|20)
0.002732240,1.0,(32|42)
0.002659574,1.0,(31|2)
0.002638523,1.0,(28|22)
0.002610966,1.0,(16|25)
0.002604167,1.0,(20|38)
0.002557545,2.0,(47|31)
0.002538071,1.0,(39|30)
0.002531646,2.0,(3|25)
0.002341920,1.0,(20|8)
0.002288329,1.0,(33|47)
0.002254791,1.0,(20|41)
0.002202643,2.0,(30|21)
0.002197802,1.0,(27|34)
0.002192982,1.0,(32|43)
0.001876173,1.0,(38|43)
0.001672241,1.0,(38|47)
0.001626016,1.0,(11|44)
0.001600000,1.0,(13|27)
0.001561280,1.0,(47|49)
0.001523229,1.0,(32|35)
0.001508296,1.0,(31|35)
0.001425517,1.0,(20|39)
0.001166861,1.0,(31|29)
0.001113586,1.0,(33|35)
0.0009629273,2.0,(38|26)
0.0007645260,1.0,(36|34)
