Product ID : 945 # of JPs covered : 1 : 66 : Antitrust, 
OID,Confidence at Map Node,Error at Map Node
us_000515297,1.000000, 0.000000
us_000495970,1.000000, 0.000000
us_000551722,1.000000, 0.000000
us_000547733,1.000000, 0.000000
us_000522175,1.000000, 0.000000
us_000496012,1.000000, 0.000000
pr_000774383,1.000000, 0.000000
pr_001038143,1.000000, 0.000000
pr_001867016,1.000000, 0.000003
pr_001816025,1.000000, 0.000003
pr_000644376,1.000000, 0.000014
pr_000601524,1.000000, 0.000056
pr_000772990,1.000000, 0.000079
pr_000873220,1.000000, 0.000092
pr_000968224,1.000000, 0.000197
pr_000971882,1.000000, 0.000200
pr_000725653,1.000000, 0.000201
pr_001407555,1.000000, 0.000201
pr_000902032,1.000000, 0.000201
pr_000867924,1.000000, 0.000203
pr_000976177,1.000000, 0.000208
pr_000634895,1.000000, 0.000244
pr_001994140,1.000000, 0.000314
us_000545616,1.000000, 0.000394
pr_000971965,1.000000, 0.000553
pr_001013462,1.000000, 0.000601
pr_000376399,1.000000, 0.000804
pr_002190574,1.000000, 0.000807
pr_001012480,1.000000, 0.000870
pr_000852256,1.000000, 0.001154
pr_000630930,1.000000, 0.001288
pr_000580284,1.000000, 0.001745
pr_000736461,1.000000, 0.002141
pr_001011342,1.000000, 0.004628
us_000468771,1.000000, 0.018815
us_000201358,1.000000, 0.070785
us_000361749,1.000000, 0.080977
us_000281306,1.000000, 0.099825
us_000361017,1.000000, 0.102108
us_000343644,1.000000, 0.140417
us_000478324,1.000000, 0.163455
us_000460320,1.000000, 0.163827
us_000098331,1.000000, 0.205881
us_000458696,1.000000, 0.206264
us_000482546,1.000000, 0.206675
us_000091763,1.000000, 0.225399
us_000516696,1.000000, 0.232217
us_000168026,1.000000, 0.246434
us_000468682,1.000000, 0.256417
us_000148312,1.000000, 0.277698
us_000007116,1.000000, 0.289855
us_000531271,1.000000, 0.307427
us_000416085,1.000000, 0.322423
us_000465847,1.000000, 0.339647
us_000064165,1.000000, 0.368332
us_000459346,1.000000, 0.372963
us_000214727,1.000000, 0.378645
us_000127449,1.000000, 0.379869
us_000440469,1.000000, 0.396969
us_000480526,1.000000, 0.401730
us_000528740,1.000000, 0.404548
us_000314981,1.000000, 0.408263
us_000486141,1.000000, 0.415138
us_000091848,1.000000, 0.415554
us_000141891,1.000000, 0.419150
us_000465761,1.000000, 0.430368
us_000498150,1.000000, 0.430627
us_000545151,1.000000, 0.431185
us_000231187,1.000000, 0.431987
us_000463420,1.000000, 0.437891
us_000230369,1.000000, 0.437891
us_000463294,1.000000, 0.439731
us_000168832,1.000000, 0.440871
us_000208427,1.000000, 0.444696
us_000461729,1.000000, 0.445491
us_000460415,1.000000, 0.445491
us_000471742,1.000000, 0.445491
us_000464965,1.000000, 0.447560
us_000515665,1.000000, 0.447603
us_000482431,1.000000, 0.448793
us_000472106,1.000000, 0.448876
us_000544971,1.000000, 0.450786
us_000460140,1.000000, 0.453168
us_000462212,1.000000, 0.453168
us_000460635,1.000000, 0.453168
us_000465497,1.000000, 0.453168
us_000487924,1.000000, 0.453168
us_000468279,1.000000, 0.453168
us_000459599,1.000000, 0.453168
us_000505070,1.000000, 0.453723
us_000465478,1.000000, 0.458422
us_000474967,1.000000, 0.458722
us_000023870,1.000000, 0.460241
us_000481501,1.000000, 0.461747
us_000498000,1.000000, 0.463345
us_000479139,1.000000, 0.465386
us_000094482,1.000000, 0.477505
us_000031879,1.000000, 0.478123
us_000459580,1.000000, 0.486924
us_000469317,1.000000, 0.488768
us_000515969,1.000000, 0.493028
us_000545041,1.000000, 0.505481
us_000467113,1.000000, 0.521954
us_000492990,1.000000, 0.527331
us_000504130,1.000000, 0.527773
us_000487670,1.000000, 0.527791
us_000474823,1.000000, 0.540161
us_000503996,1.000000, 0.544888
us_000033669,1.000000, 0.545467
us_000460827,1.000000, 0.545803
us_000487595,1.000000, 0.547294
us_000465267,1.000000, 0.648823
us_000377446,1.000000, 1.032910
us_000478269,1.000000, 1.159868
pr_000896113,0.934710, 0.000000
pr_000183775,0.934710, 0.000000
pr_000184791,0.934710, 0.000000
pr_001732424,0.934710, 0.000000
pr_001033402,0.934710, 0.000002
pr_000111314,0.934710, 0.000119
pr_001060575,0.934710, 0.000197
pr_001073738,0.934710, 0.000229
pr_000097098,0.934710, 0.000311
pr_000120483,0.934710, 0.000374
us_000461166,0.934710, 0.156745
us_000461033,0.934710, 0.179929
us_000245646,0.934710, 0.186694
us_000196512,0.934710, 0.230800
us_000544612,0.934710, 0.265967
us_000498137,0.934710, 0.319298
us_000515757,0.934710, 0.386562
us_000539244,0.934710, 0.417527
us_000583590,0.934710, 0.428436
us_000486616,0.934710, 0.429638
us_000531438,0.934710, 0.432004
us_000497898,0.934710, 0.436781
us_000497801,0.934710, 0.439249
us_000581989,0.934710, 0.443367
us_000339607,0.934710, 0.449767
us_000475312,0.934710, 0.454711
us_000487604,0.934710, 0.456780
us_000482006,0.934710, 0.456928
us_000481019,0.934710, 0.461473
us_000590475,0.934710, 0.461473
us_000581854,0.934710, 0.461473
us_000487953,0.934710, 0.461786
us_000580020,0.934710, 0.462621
us_000469278,0.934710, 0.471486
us_000480969,0.934710, 0.494610
us_000464406,0.934710, 0.525800
us_000548986,0.934710, 0.531707
us_000469281,0.934710, 0.533333
us_000046502,0.934710, 0.610954
us_000053087,0.934710, 0.618880
us_000470320,0.934710, 0.747753
us_000412853,0.934710, 1.015430
pr_000410977,0.915587, 0.000000
pr_000654632,0.915587, 0.000000
pr_000288982,0.915587, 0.000000
pr_001669311,0.915587, 0.000000
pr_000822427,0.915587, 0.000000
pr_001672149,0.915587, 0.000000
pr_000104980,0.915587, 0.000030
pr_000108929,0.915587, 0.000030
pr_001749814,0.915587, 0.000063
pr_000659536,0.915587, 0.000088
us_000464945,0.915587, 0.001470
us_000459685,0.915587, 0.002268
us_000552300,0.915587, 0.003062
us_000475861,0.915587, 0.004505
us_000459370,0.915587, 0.014019
us_000459927,0.915587, 0.019360
us_000498952,0.915587, 0.023953
us_000321771,0.915587, 0.658223
us_000480996,0.915587, 0.753740
us_000487379,0.915587, 1.500870
us_000482201,0.915587, 2.009297
us_000550214,0.890090, 0.000000
pr_000694678,0.890090, 0.000000
us_000493482,0.890090, 0.000071
pr_000662296,0.890090, 0.000101
us_000511515,0.890090, 0.000274
us_000555642,0.890090, 0.000337
pr_000636093,0.890090, 0.000464
pr_000664651,0.890090, 0.000588
pr_000945343,0.890090, 0.001695
pr_000124058,0.890090, 0.001716
pr_000145896,0.890090, 0.001823
us_000545196,0.890090, 0.006873
us_000547700,0.890090, 0.009329
us_000587976,0.890090, 0.009921
us_000538160,0.890090, 0.011485
us_000486983,0.890090, 0.308369
us_000572562,0.890090, 0.325626
us_000569245,0.890090, 0.342103
us_000487635,0.890090, 0.366754
us_000203801,0.890090, 0.639971
pr_000169063,0.791293, 0.000000
us_000465051,0.791293, 0.000000
us_000480142,0.791293, 0.000000
us_000471836,0.791293, 0.000000
us_000589624,0.791293, 0.000000
us_000469839,0.791293, 0.000000
us_000049443,0.791293, 0.000000
us_000018097,0.791293, 0.000000
us_000533102,0.791293, 0.000000
us_000487422,0.791293, 0.000000
us_000471272,0.791293, 0.000000
us_000474672,0.791293, 0.000000
us_000480456,0.791293, 0.000000
us_000334476,0.791293, 0.000000
us_000554344,0.791293, 0.000000
us_000468981,0.791293, 0.000000
us_000469269,0.791293, 0.000000
us_000479815,0.791293, 0.000000
us_000584734,0.791293, 0.000000
us_000487191,0.791293, 0.000000
us_000487126,0.791293, 0.000000
pr_001733898,0.791293, 0.000001
pr_000967362,0.791293, 0.000001
pr_001663126,0.791293, 0.000001
pr_000828695,0.791293, 0.000002
pr_000564048,0.791293, 0.000005
us_000602923,0.791293, 0.000006
us_000548294,0.791293, 0.000007
pr_000745570,0.791293, 0.000025
us_000577916,0.791293, 0.000044
us_000571406,0.791293, 0.000044
us_000570944,0.791293, 0.000044
us_000600945,0.791293, 0.000044
us_000595658,0.791293, 0.000044
us_000561710,0.791293, 0.000044
pr_000701201,0.791293, 0.000069
pr_000774772,0.791293, 0.000108
pr_000831928,0.791293, 0.000166
pr_001056304,0.791293, 0.000196
pr_001635004,0.791293, 0.000198
pr_001755371,0.791293, 0.000213
us_000526376,0.791293, 0.000726
pr_000900083,0.791293, 0.000903
pr_001002643,0.791293, 0.001304
us_000567308,0.791293, 0.003113
us_000425840,0.791293, 0.099150
pr_001030253,0.786802, 0.000000
us_000616643,0.786802, 0.000001
us_000539652,0.786802, 0.000001
pr_001048324,0.786802, 0.000018
us_000593362,0.786802, 0.000034
us_000578026,0.786802, 0.000043
pr_001406371,0.786802, 0.000051
us_000609792,0.786802, 0.000074
pr_000169488,0.786802, 0.000243
pr_001031469,0.786802, 0.000317
pr_000635327,0.786802, 0.000364
us_000489654,0.786802, 0.110282
us_000475423,0.786802, 0.124916
us_000079419,0.786802, 0.128767
us_000480971,0.786802, 0.130010
us_000460525,0.786802, 0.132696
us_000487642,0.786802, 0.136275
us_000477730,0.786802, 0.136702
us_000480870,0.786802, 0.136702
us_000493374,0.786802, 0.136702
us_000460709,0.786802, 0.136702
us_000467406,0.786802, 0.136702
us_000469812,0.786802, 0.136702
us_000487923,0.786802, 0.136702
us_000018190,0.786802, 0.140266
us_000573314,0.786802, 0.141439
us_000521355,0.786802, 0.141937
us_000487612,0.786802, 0.144131
us_000487092,0.786802, 0.145385
us_000467385,0.786802, 0.148916
us_000489609,0.786802, 0.149182
us_000467378,0.786802, 0.149182
us_000467244,0.786802, 0.149182
us_000482122,0.786802, 0.153497
us_000475343,0.786802, 0.154798
us_000522618,0.786802, 0.155996
us_000502545,0.786802, 0.157888
us_000542515,0.786802, 0.157888
us_000255315,0.786802, 0.159020
us_000476869,0.786802, 0.162357
us_000058894,0.786802, 0.167019
us_000522980,0.786802, 0.172612
us_000223167,0.786802, 0.179301
us_000480918,0.786802, 0.181131
us_000478348,0.786802, 0.185998
us_000124417,0.786802, 0.190500
us_000461197,0.786802, 0.191381
us_000472586,0.786802, 0.193160
us_000083644,0.786802, 0.196184
us_000262493,0.786802, 0.197041
us_000260830,0.786802, 0.208445
us_000474366,0.786802, 0.211153
us_000461530,0.786802, 0.212951
us_000286743,0.786802, 0.223973
us_000464879,0.786802, 0.229373
us_000486748,0.786802, 0.242005
us_000489937,0.786802, 0.265355
us_000459175,0.786802, 0.299115
us_000537001,0.786802, 0.331081
us_000475541,0.786802, 0.619617
us_000462633,0.786802, 0.643850
us_000549900,0.786802, 0.790197
us_000472700,0.786802, 0.836476
us_000471222,0.786802, 1.214545
us_000517421,0.786802, 1.365194
pr_000579134,0.768243, 0.000000
pr_000664089,0.768243, 0.000000
pr_000812284,0.768243, 0.000001
pr_000699753,0.768243, 0.000009
us_000461693,0.768243, 0.000041
us_000614644,0.768243, 0.003130
us_000549027,0.768243, 0.016413
us_000487025,0.768243, 0.123121
us_000502629,0.768243, 0.209572
us_000497969,0.768243, 0.254576
us_000584622,0.768243, 0.399506
us_000495452,0.768243, 0.486901
us_000493850,0.768243, 0.501110
us_000464491,0.768243, 0.501110
us_000528698,0.768243, 0.509281
us_000498442,0.768243, 0.569577
us_000252897,0.768243, 0.570718
us_000489069,0.768243, 0.570718
us_000487638,0.768243, 0.625386
us_000495222,0.768243, 0.627605
us_000528058,0.768243, 0.630460
us_000487921,0.768243, 0.630999
us_000487697,0.768243, 0.653232
us_000584618,0.768243, 0.674485
us_000033904,0.768243, 0.693784
pr_001066232,0.752894, 0.000000
pr_001589983,0.752894, 0.000000
pr_000319656,0.752894, 0.000000
pr_001632321,0.752894, 0.000000
pr_000901081,0.752894, 0.000000
pr_001751096,0.752894, 0.000000
pr_001595419,0.752894, 0.000000
us_000512587,0.752894, 0.000000
us_000538151,0.752894, 0.000000
pr_002144685,0.752894, 0.000000
pr_001038300,0.752894, 0.000000
us_000542652,0.752894, 0.000100
us_000473301,0.752894, 0.000116
us_000566011,0.752894, 0.000148
pr_000618062,0.752894, 0.000153
pr_002098303,0.752894, 0.000176
us_000547384,0.752894, 0.000715
us_000158977,0.752894, 0.096041
us_000569098,0.752894, 0.132494
us_000486859,0.752894, 0.138454
us_000489756,0.752894, 0.150596
us_000531584,0.752894, 0.155891
us_000539664,0.752894, 0.159338
us_000489765,0.752894, 0.161975
us_000381050,0.752894, 0.164596
us_000460371,0.752894, 0.168956
us_000459844,0.752894, 0.169680
us_000538096,0.752894, 0.172299
us_000489600,0.752894, 0.172734
us_000244096,0.752894, 0.173393
us_000488001,0.752894, 0.173393
us_000530505,0.752894, 0.173393
us_000487311,0.752894, 0.181356
us_000581550,0.752894, 0.181356
us_000577619,0.752894, 0.183291
us_000518696,0.752894, 0.188568
us_000486143,0.752894, 0.189043
us_000090673,0.752894, 0.196624
us_000463933,0.752894, 0.214817
us_000478826,0.752894, 0.234208
us_000518915,0.752894, 0.360000
pr_001012197,0.705659, 0.000001
pr_000656484,0.705659, 0.000037
us_000463939,0.705659, 0.114373
us_000486942,0.705659, 0.114373
us_000464065,0.705659, 0.114373
us_000464142,0.705659, 0.114373
us_000463921,0.705659, 0.114373
us_000406650,0.705659, 0.114373
us_000480750,0.705659, 0.114373
us_000464231,0.705659, 0.114373
us_000481638,0.705659, 0.114373
us_000197455,0.705659, 0.114373
us_000487012,0.705659, 0.114373
us_000464970,0.705659, 0.115747
us_000489802,0.705659, 0.118219
us_000463394,0.705659, 0.118219
us_000462550,0.705659, 0.118219
us_000462987,0.705659, 0.118219
us_000113221,0.705659, 0.118219
us_000463264,0.705659, 0.118219
us_000493050,0.705659, 0.118219
us_000462506,0.705659, 0.118219
us_000462793,0.705659, 0.118219
us_000463090,0.705659, 0.118219
us_000459236,0.705659, 0.120286
us_000480883,0.705659, 0.120294
us_000482400,0.705659, 0.121915
us_000542433,0.705659, 0.122141
us_000542495,0.705659, 0.122141
us_000262773,0.705659, 0.122141
us_000469103,0.705659, 0.122141
us_000481043,0.705659, 0.122141
us_000482189,0.705659, 0.122141
us_000461630,0.705659, 0.122141
us_000459308,0.705659, 0.122141
us_000460939,0.705659, 0.122141
us_000542445,0.705659, 0.122141
us_000476049,0.705659, 0.122141
us_000461230,0.705659, 0.122141
us_000476108,0.705659, 0.122141
us_000487701,0.705659, 0.122141
us_000461044,0.705659, 0.122141
us_000474163,0.705659, 0.122141
us_000486707,0.705659, 0.122141
us_000466079,0.705659, 0.122141
us_000462407,0.705659, 0.122141
us_000190906,0.705659, 0.122141
us_000469258,0.705659, 0.122141
us_000542412,0.705659, 0.122141
us_000490648,0.705659, 0.122141
us_000027656,0.705659, 0.122141
us_000542432,0.705659, 0.122141
us_000489516,0.705659, 0.122141
us_000502243,0.705659, 0.122141
us_000461566,0.705659, 0.122141
us_000188598,0.705659, 0.122141
us_000487536,0.705659, 0.122141
us_000481462,0.705659, 0.122141
us_000461208,0.705659, 0.122141
us_000460944,0.705659, 0.122141
us_000461309,0.705659, 0.122141
us_000461572,0.705659, 0.122141
us_000542400,0.705659, 0.123422
us_000460437,0.705659, 0.124393
us_000490153,0.705659, 0.124791
us_000464639,0.705659, 0.124898
us_000469143,0.705659, 0.125325
us_000467879,0.705659, 0.126141
us_000541615,0.705659, 0.126141
us_000459578,0.705659, 0.126141
us_000469296,0.705659, 0.126141
us_000555222,0.705659, 0.126141
us_000471040,0.705659, 0.126141
us_000470253,0.705659, 0.126141
us_000090368,0.705659, 0.126141
us_000475913,0.705659, 0.126141
us_000462157,0.705659, 0.126141
us_000477626,0.705659, 0.126141
us_000460322,0.705659, 0.126141
us_000486681,0.705659, 0.126141
us_000487598,0.705659, 0.126141
us_000306667,0.705659, 0.126141
us_000335726,0.705659, 0.126141
us_000460808,0.705659, 0.126141
us_000458638,0.705659, 0.126141
us_000475699,0.705659, 0.126141
us_000487246,0.705659, 0.126141
us_000484154,0.705659, 0.126141
us_000503542,0.705659, 0.126141
us_000543135,0.705659, 0.126141
us_000467427,0.705659, 0.126141
us_000487609,0.705659, 0.126141
us_000355594,0.705659, 0.126141
us_000096828,0.705659, 0.126141
us_000460223,0.705659, 0.126141
us_000542394,0.705659, 0.126141
us_000481626,0.705659, 0.126141
us_000218242,0.705659, 0.126141
us_000460317,0.705659, 0.126141
us_000488047,0.705659, 0.126141
us_000503269,0.705659, 0.126141
us_000480705,0.705659, 0.126141
us_000475806,0.705659, 0.126141
us_000481014,0.705659, 0.126141
us_000493935,0.705659, 0.126141
us_000468656,0.705659, 0.126141
us_000460724,0.705659, 0.126141
us_000083531,0.705659, 0.126141
us_000489984,0.705659, 0.126141
us_000469017,0.705659, 0.126141
us_000471084,0.705659, 0.126141
us_000493933,0.705659, 0.126141
us_000469870,0.705659, 0.126141
us_000490674,0.705659, 0.126141
us_000471063,0.705659, 0.126141
us_000538292,0.705659, 0.126141
us_000389468,0.705659, 0.126141
us_000541729,0.705659, 0.126141
us_000503421,0.705659, 0.126141
us_000486689,0.705659, 0.126141
us_000207440,0.705659, 0.126293
us_000123830,0.705659, 0.126813
us_000489965,0.705659, 0.126859
us_000479136,0.705659, 0.128969
us_000530405,0.705659, 0.130103
us_000099092,0.705659, 0.130218
us_000370029,0.705659, 0.130355
us_000484939,0.705659, 0.131504
us_000332815,0.705659, 0.131671
us_000469423,0.705659, 0.133841
us_000006698,0.705659, 0.134324
us_000419767,0.705659, 0.134885
us_000491735,0.705659, 0.136466
us_000475920,0.705659, 0.137189
us_000467335,0.705659, 0.138604
us_000489622,0.705659, 0.138604
us_000480524,0.705659, 0.138604
us_000467117,0.705659, 0.138604
us_000467288,0.705659, 0.138604
us_000489288,0.705659, 0.138941
us_000479556,0.705659, 0.141173
us_000468845,0.705659, 0.141188
us_000404610,0.705659, 0.142696
us_000212111,0.705659, 0.142912
us_000531537,0.705659, 0.142912
us_000102050,0.705659, 0.142912
us_000459583,0.705659, 0.142986
us_000479074,0.705659, 0.144557
us_000482541,0.705659, 0.145260
us_000542564,0.705659, 0.147298
us_000315026,0.705659, 0.147644
us_000482033,0.705659, 0.147883
us_000487651,0.705659, 0.148667
us_000481056,0.705659, 0.153298
us_000489305,0.705659, 0.156627
us_000469173,0.705659, 0.158879
us_000542482,0.705659, 0.164537
us_000227645,0.705659, 0.167995
us_000518298,0.705659, 0.170023
us_000498550,0.705659, 0.171348
us_000480448,0.705659, 0.178005
us_000423993,0.705659, 0.178083
us_000342483,0.705659, 0.183029
us_000442865,0.705659, 0.183550
us_000478068,0.705659, 0.186941
us_000576393,0.705659, 0.190863
us_000460260,0.705659, 0.191033
us_000495246,0.705659, 0.204530
us_000479407,0.705659, 0.211348
us_000518888,0.705659, 0.213719
us_000471043,0.705659, 0.217135
us_000463828,0.705659, 0.223880
us_000491568,0.705659, 0.241891
us_000177602,0.705659, 0.242838
us_000521002,0.705659, 0.251357
us_000489360,0.705659, 0.274613
us_000487922,0.705659, 0.288344
us_000223882,0.705659, 0.359995
us_000474357,0.705659, 0.389308
us_000228602,0.705659, 0.528665
us_000535172,0.705659, 0.531676
pr_001840173,0.680535, 0.000000
us_000546883,0.680535, 0.000002
us_000568810,0.680535, 0.000306
us_000478186,0.680535, 0.081780
us_000511168,0.680535, 0.517753
us_000493394,0.680535, 0.525450
us_000489415,0.680535, 0.538024
us_000496117,0.680535, 0.547444
us_000487692,0.680535, 0.554919
us_000535259,0.680535, 0.560784
us_000524139,0.680535, 0.567212
us_000488032,0.680535, 0.578920
us_000567262,0.680535, 0.579507
us_000480550,0.680535, 0.590990
us_000471282,0.680535, 0.610279
us_000518339,0.680535, 0.610385
us_000535222,0.680535, 0.613852
us_000539322,0.680535, 0.613852
us_000470124,0.680535, 0.628497
us_000541432,0.680535, 0.629750
us_000487310,0.680535, 0.635379
us_000044811,0.680535, 0.638919
us_000470966,0.680535, 0.670708
us_000458947,0.680535, 0.977433
us_000600771,0.670437, 0.000000
us_000600230,0.670437, 0.000000
us_000524096,0.670437, 0.000263
pr_000312440,0.670437, 0.000448
us_000598679,0.670437, 0.004584
pr_000572386,0.653085, 0.000000
pr_000188115,0.653085, 0.000001
us_000518771,0.653085, 0.187620
us_000498204,0.653085, 0.192216
us_000579864,0.653085, 0.194494
us_000472914,0.653085, 0.200591
us_000489358,0.653085, 0.223677
us_000554317,0.653085, 0.228716
us_000487160,0.653085, 0.230284
us_000525324,0.653085, 0.234239
us_000506238,0.653085, 0.234692
us_000532314,0.653085, 0.254075
us_000467601,0.653085, 0.254346
us_000182359,0.653085, 0.263613
us_000520182,0.653085, 0.280389
us_000495339,0.653085, 0.284148
us_000548948,0.653085, 0.294829
us_000548953,0.653085, 0.296237
us_000506122,0.653085, 0.297209
us_000581409,0.653085, 0.300280
us_000487449,0.653085, 0.302091
us_000585366,0.653085, 0.302547
us_000517082,0.653085, 0.304377
us_000467415,0.653085, 0.309560
us_000539665,0.653085, 0.315040
us_000581412,0.653085, 0.315732
us_000494371,0.653085, 0.317812
us_000515087,0.653085, 0.319261
us_000518020,0.653085, 0.324211
us_000534174,0.653085, 1.045925
pr_000981334,0.607079, 0.000000
pr_001166271,0.607079, 0.000000
us_000529328,0.607079, 0.000000
us_000528216,0.607079, 0.000000
us_000549162,0.607079, 0.000000
us_000482470,0.607079, 0.000000
us_000486685,0.607079, 0.000000
pr_000405478,0.607079, 0.000055
us_000542499,0.607079, 0.128541
us_000339485,0.607079, 0.132378
us_000486420,0.607079, 0.136367
us_000373616,0.607079, 0.136787
us_000487352,0.607079, 0.151141
us_000559644,0.607079, 0.154073
us_000479335,0.607079, 0.157357
us_000492947,0.607079, 0.158634
us_000487749,0.607079, 0.159816
us_000003715,0.607079, 0.160685
us_000438176,0.607079, 0.161746
us_000524243,0.607079, 0.162274
us_000487687,0.607079, 0.163010
us_000480687,0.607079, 0.163210
us_000543697,0.607079, 0.164934
us_000476679,0.607079, 0.165569
us_000487436,0.607079, 0.169896
us_000474053,0.607079, 0.173007
us_000065616,0.607079, 0.174045
us_000479935,0.607079, 0.176196
us_000487411,0.607079, 0.176866
us_000596069,0.607079, 0.177115
us_000583720,0.607079, 0.179581
us_000537741,0.607079, 0.180854
us_000495517,0.607079, 0.181710
us_000538005,0.607079, 0.182343
us_000039161,0.607079, 0.182805
us_000588408,0.607079, 0.186514
us_000489904,0.607079, 0.188492
us_000589249,0.607079, 0.191981
us_000543822,0.607079, 0.192320
us_000490258,0.607079, 0.192454
us_000141487,0.607079, 0.192997
us_000248861,0.607079, 0.194402
us_000493939,0.607079, 0.194709
us_000373348,0.607079, 0.195295
us_000585733,0.607079, 0.195714
us_000520507,0.607079, 0.197894
us_000586289,0.607079, 0.198635
us_000468432,0.607079, 0.203542
us_000572309,0.607079, 0.204621
us_000585159,0.607079, 0.204621
us_000600663,0.607079, 0.206153
us_000496279,0.607079, 0.206860
us_000487219,0.607079, 0.207761
us_000080953,0.607079, 0.210785
us_000585839,0.607079, 0.210820
us_000240141,0.607079, 0.216727
us_000598593,0.607079, 0.220747
us_000476952,0.607079, 0.237275
us_000559246,0.607079, 0.248116
us_000526771,0.607079, 0.249940
us_000506283,0.607079, 0.250338
us_000459974,0.607079, 0.271570
us_000511184,0.607079, 0.274028
us_000463001,0.607079, 0.298261
us_000499291,0.607079, 0.706987
pr_000768494,0.575502, 0.000001
us_000589863,0.575502, 0.000168
pr_000295285,0.575502, 0.000690
us_000515658,0.575502, 0.001115
us_000495145,0.575502, 0.002016
us_000564850,0.575502, 0.009095
us_000035404,0.575502, 0.045214
us_000462470,0.575502, 0.128588
us_000347673,0.575502, 0.129158
us_000455948,0.575502, 0.138924
us_000531579,0.575502, 0.144139
us_000480704,0.575502, 0.145805
us_000463949,0.575502, 0.153694
us_000577159,0.575502, 0.155957
us_000590046,0.575502, 0.156941
us_000538828,0.575502, 0.159815
us_000497730,0.575502, 0.159815
us_000480680,0.575502, 0.162766
us_000581938,0.575502, 0.162872
us_000474060,0.575502, 0.167858
us_000480295,0.575502, 0.175563
us_000537430,0.575502, 0.177092
us_000480833,0.575502, 0.177670
us_000531765,0.575502, 0.182771
us_000453125,0.575502, 0.183460
us_000479849,0.575502, 0.185384
us_000490634,0.575502, 0.188940
us_000552914,0.575502, 0.188940
us_000520265,0.575502, 0.189515
us_000552975,0.575502, 0.192571
us_000541292,0.575502, 0.192798
us_000481017,0.575502, 0.192798
us_000479924,0.575502, 0.196520
us_000499154,0.575502, 0.196520
us_000541434,0.575502, 0.196520
us_000535286,0.575502, 0.198992
us_000515273,0.575502, 0.200115
us_000352709,0.575502, 0.208175
us_000514444,0.575502, 0.208310
us_000578490,0.575502, 0.222737
us_000584371,0.575502, 0.222737
us_000578052,0.575502, 0.222737
us_000577648,0.575502, 0.222737
us_000584653,0.575502, 0.222737
us_000517089,0.575502, 0.223391
us_000487215,0.575502, 0.226267
us_000588946,0.575502, 0.230736
us_000460315,0.575502, 0.231923
us_000588943,0.575502, 0.232645
us_000588940,0.575502, 0.232645
us_000588941,0.575502, 0.232645
us_000548990,0.575502, 0.232645
us_000588948,0.575502, 0.232645
us_000588945,0.575502, 0.232645
us_000588647,0.575502, 0.232645
us_000588969,0.575502, 0.232645
us_000487508,0.575502, 0.246431
us_000523899,0.575502, 0.252419
us_000577337,0.575502, 0.266417
us_000477470,0.575502, 0.273104
us_000532407,0.575502, 0.285786
us_000474225,0.575502, 0.295543
us_000480650,0.575502, 0.362038
us_000479925,0.575502, 0.369070
us_000358991,0.575502, 0.375003
pr_000224098,0.532068, 0.000000
pr_001410115,0.532068, 0.000000
pr_000761655,0.532068, 0.000000
pr_001581234,0.532068, 0.000000
us_000566758,0.532068, 0.000003
us_000597219,0.532068, 0.000014
us_000612117,0.532068, 0.000032
us_000605961,0.532068, 0.000055
us_000604940,0.532068, 0.000057
us_000601249,0.532068, 0.000057
us_000211328,0.532068, 0.000066
us_000591631,0.532068, 0.000070
pr_001037350,0.532068, 0.080704
us_000585645,0.532068, 0.081399
us_000585648,0.532068, 0.081399
us_000585644,0.532068, 0.081399
us_000475345,0.532068, 0.084162
us_000492987,0.532068, 0.084555
us_000585752,0.532068, 0.087888
us_000589982,0.532068, 0.087888
us_000493435,0.532068, 0.087888
us_000610518,0.532068, 0.087987
us_000576713,0.532068, 0.087987
us_000481422,0.532068, 0.088033
us_000581411,0.532068, 0.090101
us_000581410,0.532068, 0.090101
us_000564384,0.532068, 0.090800
us_000585345,0.532068, 0.091297
us_000585362,0.532068, 0.091297
us_000573581,0.532068, 0.091297
us_000585344,0.532068, 0.091297
us_000585214,0.532068, 0.091297
us_000585347,0.532068, 0.091297
us_000581941,0.532068, 0.091297
us_000572560,0.532068, 0.091297
us_000585364,0.532068, 0.091297
us_000481062,0.532068, 0.091297
us_000584098,0.532068, 0.091297
us_000572270,0.532068, 0.091297
us_000588220,0.532068, 0.091297
us_000605662,0.532068, 0.091297
us_000581940,0.532068, 0.091297
us_000585346,0.532068, 0.091297
us_000480609,0.532068, 0.091297
us_000604074,0.532068, 0.091297
us_000507303,0.532068, 0.091297
us_000571474,0.532068, 0.091396
us_000590426,0.532068, 0.091396
us_000571257,0.532068, 0.091396
us_000218326,0.532068, 0.091396
us_000486618,0.532068, 0.091396
us_000486157,0.532068, 0.092674
us_000478945,0.532068, 0.093292
us_000573636,0.532068, 0.093787
us_000609412,0.532068, 0.096093
us_000586820,0.532068, 0.096774
us_000603476,0.532068, 0.097629
us_000606956,0.532068, 0.098109
us_000589248,0.532068, 0.098109
us_000585692,0.532068, 0.100099
us_000583043,0.532068, 0.100099
us_000607087,0.532068, 0.100099
us_000583084,0.532068, 0.100099
us_000581462,0.532068, 0.100099
us_000590435,0.532068, 0.100099
us_000580199,0.532068, 0.100099
us_000583045,0.532068, 0.100099
us_000460610,0.532068, 0.100099
us_000579954,0.532068, 0.100099
us_000590313,0.532068, 0.100099
us_000581414,0.532068, 0.100099
us_000059960,0.532068, 0.100099
us_000603908,0.532068, 0.100714
us_000511141,0.532068, 0.101519
us_000567089,0.532068, 0.101891
us_000584340,0.532068, 0.103166
us_000489754,0.532068, 0.103828
us_000607893,0.532068, 0.106905
us_000601526,0.532068, 0.107642
us_000560325,0.532068, 0.110091
us_000615006,0.532068, 0.113134
us_000518930,0.532068, 0.114177
us_000490169,0.532068, 0.124437
us_000551924,0.532068, 0.131159
us_000533362,0.532068, 0.140405
us_000478567,0.532068, 0.164337
us_000532133,0.532068, 0.175822
us_000533257,0.532068, 0.178841
us_000540728,0.532068, 0.208691
us_000478385,0.532068, 0.260483
us_000475066,0.532068, 0.343648
us_000574858,0.532068, 1.201290
us_000542064,0.525501, 0.000000
us_000500082,0.525501, 0.000000
us_000562339,0.525501, 0.001302
us_000516803,0.525501, 0.003123
us_000531246,0.507365, 0.000000
us_000582558,0.507365, 0.000000
us_000516284,0.507365, 0.000000
us_000484698,0.507365, 0.000000
us_000561497,0.507365, 0.000000
us_000514404,0.507365, 0.000000
us_000499237,0.507365, 0.000000
pr_000631297,0.507365, 0.000000
pr_000182367,0.507365, 0.000000
pr_001648581,0.507365, 0.000002
us_000514053,0.507365, 0.000058
us_000616941,0.507365, 0.000058
us_000594902,0.507365, 0.000064
us_000595462,0.507365, 0.000072
pr_000077701,0.507365, 0.000300
us_000587713,0.507365, 0.077699
us_000513491,0.507365, 0.077699
us_000078014,0.507365, 0.077874
us_000477102,0.507365, 0.080706
us_000200569,0.507365, 0.080706
us_000489905,0.507365, 0.080706
us_000463651,0.507365, 0.080706
us_000224148,0.507365, 0.080706
us_000476707,0.507365, 0.080706
us_000463952,0.507365, 0.080706
us_000479596,0.507365, 0.080706
us_000275142,0.507365, 0.081727
us_000117949,0.507365, 0.082060
us_000484114,0.507365, 0.083124
us_000486860,0.507365, 0.083436
us_000464319,0.507365, 0.083790
us_000462511,0.507365, 0.083790
us_000481174,0.507365, 0.083790
us_000462961,0.507365, 0.083790
us_000490040,0.507365, 0.083790
us_000050669,0.507365, 0.083790
us_000464356,0.507365, 0.083790
us_000486362,0.507365, 0.083790
us_000463380,0.507365, 0.083790
us_000489882,0.507365, 0.083790
us_000080227,0.507365, 0.083790
us_000462796,0.507365, 0.083790
us_000458891,0.507365, 0.083790
us_000462989,0.507365, 0.083790
us_000493308,0.507365, 0.083790
us_000029411,0.507365, 0.083790
us_000489783,0.507365, 0.083790
us_000489791,0.507365, 0.083790
us_000463017,0.507365, 0.083790
us_000483985,0.507365, 0.084653
us_000581247,0.507365, 0.084970
us_000464681,0.507365, 0.085583
us_000480872,0.507365, 0.086149
us_000069441,0.507365, 0.086399
us_000327342,0.507365, 0.086745
us_000412344,0.507365, 0.086951
us_000460455,0.507365, 0.086951
us_000461168,0.507365, 0.086951
us_000475978,0.507365, 0.086951
us_000461650,0.507365, 0.086951
us_000484654,0.507365, 0.086951
us_000464490,0.507365, 0.086951
us_000484289,0.507365, 0.086951
us_000460565,0.507365, 0.086951
us_000482188,0.507365, 0.086951
us_000462384,0.507365, 0.086951
us_000460422,0.507365, 0.086951
us_000461060,0.507365, 0.086951
us_000476063,0.507365, 0.086951
us_000489594,0.507365, 0.086951
us_000476599,0.507365, 0.086951
us_000186128,0.507365, 0.086951
us_000474106,0.507365, 0.086951
us_000475323,0.507365, 0.086951
us_000461123,0.507365, 0.086951
us_000163146,0.507365, 0.086951
us_000462424,0.507365, 0.086951
us_000542440,0.507365, 0.086951
us_000494055,0.507365, 0.086951
us_000474180,0.507365, 0.086951
us_000460420,0.507365, 0.086951
us_000469275,0.507365, 0.086951
us_000130405,0.507365, 0.086951
us_000461139,0.507365, 0.086951
us_000484417,0.507365, 0.086951
us_000131177,0.507365, 0.086951
us_000472688,0.507365, 0.086951
us_000490640,0.507365, 0.086980
us_000502536,0.507365, 0.087081
us_000412351,0.507365, 0.087304
us_000484699,0.507365, 0.087710
us_000490057,0.507365, 0.087736
us_000551050,0.507365, 0.087803
us_000458860,0.507365, 0.087856
us_000464308,0.507365, 0.088165
us_000563707,0.507365, 0.088269
us_000498623,0.507365, 0.088305
us_000529246,0.507365, 0.089740
us_000610284,0.507365, 0.089749
us_000594331,0.507365, 0.090087
us_000476163,0.507365, 0.090115
pr_000711468,0.507365, 0.090125
us_000477157,0.507365, 0.090149
us_000486174,0.507365, 0.090187
us_000486189,0.507365, 0.090189
us_000460233,0.507365, 0.090189
us_000538197,0.507365, 0.090189
us_000487942,0.507365, 0.090189
us_000482879,0.507365, 0.090189
us_000492599,0.507365, 0.090189
us_000487629,0.507365, 0.090189
us_000460302,0.507365, 0.090189
us_000270710,0.507365, 0.090189
us_000593970,0.507365, 0.090189
us_000468680,0.507365, 0.090189
us_000459445,0.507365, 0.090189
us_000002070,0.507365, 0.090189
us_000473773,0.507365, 0.090189
us_000462808,0.507365, 0.090189
us_000487494,0.507365, 0.090189
us_000493390,0.507365, 0.090189
us_000476929,0.507365, 0.090189
us_000467422,0.507365, 0.090189
us_000458847,0.507365, 0.090189
us_000459876,0.507365, 0.090189
us_000472339,0.507365, 0.090189
us_000489372,0.507365, 0.090189
us_000592453,0.507365, 0.090189
us_000489974,0.507365, 0.090189
us_000489962,0.507365, 0.090189
us_000458825,0.507365, 0.090189
us_000483522,0.507365, 0.090189
us_000606265,0.507365, 0.090189
us_000461816,0.507365, 0.090189
us_000486656,0.507365, 0.090189
us_000458790,0.507365, 0.090189
us_000474161,0.507365, 0.090189
us_000469926,0.507365, 0.090189
us_000588102,0.507365, 0.090189
us_000469298,0.507365, 0.090189
us_000520270,0.507365, 0.090189
us_000593963,0.507365, 0.090189
us_000593966,0.507365, 0.090189
us_000471081,0.507365, 0.090189
us_000476217,0.507365, 0.090189
us_000593942,0.507365, 0.090189
us_000460336,0.507365, 0.090189
us_000468306,0.507365, 0.090189
us_000276363,0.507365, 0.090189
us_000488037,0.507365, 0.090189
us_000468660,0.507365, 0.090189
us_000503295,0.507365, 0.090189
us_000493336,0.507365, 0.090189
us_000458737,0.507365, 0.090189
us_000482496,0.507365, 0.090189
us_000459607,0.507365, 0.090189
us_000487330,0.507365, 0.090189
us_000461952,0.507365, 0.090189
us_000489232,0.507365, 0.090189
us_000493737,0.507365, 0.090189
us_000264442,0.507365, 0.090189
us_000474162,0.507365, 0.090189
us_000593940,0.507365, 0.090189
us_000480997,0.507365, 0.090189
us_000460623,0.507365, 0.090189
us_000459638,0.507365, 0.090189
us_000481007,0.507365, 0.090189
us_000493827,0.507365, 0.090189
us_000488872,0.507365, 0.090189
us_000470001,0.507365, 0.090189
us_000531304,0.507365, 0.090189
us_000469764,0.507365, 0.090189
us_000420988,0.507365, 0.090189
us_000479803,0.507365, 0.090189
us_000471147,0.507365, 0.090189
us_000064087,0.507365, 0.090189
us_000499704,0.507365, 0.090189
us_000592897,0.507365, 0.090189
us_000479095,0.507365, 0.090189
us_000535730,0.507365, 0.090189
us_000593941,0.507365, 0.090189
us_000503506,0.507365, 0.090189
us_000465688,0.507365, 0.090189
us_000468509,0.507365, 0.090189
us_000530962,0.507365, 0.090189
us_000490058,0.507365, 0.090189
us_000461899,0.507365, 0.090189
us_000469086,0.507365, 0.090189
us_000462866,0.507365, 0.090189
us_000470688,0.507365, 0.090189
us_000487495,0.507365, 0.090189
us_000532262,0.507365, 0.090189
us_000467388,0.507365, 0.090189
us_000459593,0.507365, 0.090189
us_000412291,0.507365, 0.090189
us_000459581,0.507365, 0.090189
us_000458762,0.507365, 0.090189
us_000461005,0.507365, 0.090189
us_000477489,0.507365, 0.090189
us_000480299,0.507365, 0.090189
us_000593525,0.507365, 0.090189
us_000470929,0.507365, 0.090215
us_000563708,0.507365, 0.090247
us_000548913,0.507365, 0.090391
us_000472066,0.507365, 0.090537
us_000458875,0.507365, 0.090541
us_000380576,0.507365, 0.090708
us_000591484,0.507365, 0.090709
us_000477556,0.507365, 0.090828
us_000468044,0.507365, 0.090894
us_000480261,0.507365, 0.090899
us_000493429,0.507365, 0.092134
us_000502565,0.507365, 0.092548
us_000540291,0.507365, 0.092597
us_000341107,0.507365, 0.092663
us_000548460,0.507365, 0.092810
us_000110466,0.507365, 0.093063
us_000564112,0.507365, 0.093536
pr_000847737,0.507365, 0.094791
us_000493614,0.507365, 0.095324
us_000478528,0.507365, 0.095370
us_000481033,0.507365, 0.095370
us_000489345,0.507365, 0.095370
us_000462118,0.507365, 0.095714
us_000509958,0.507365, 0.096126
us_000478998,0.507365, 0.096558
us_000461825,0.507365, 0.096796
us_000525938,0.507365, 0.096925
us_000489398,0.507365, 0.098064
us_000601184,0.507365, 0.100045
us_000544438,0.507365, 0.100267
us_000480747,0.507365, 0.100917
us_000615550,0.507365, 0.101221
us_000465559,0.507365, 0.101522
us_000499374,0.507365, 0.101776
us_000519587,0.507365, 0.102681
us_000493864,0.507365, 0.103817
us_000598600,0.507365, 0.105102
us_000458842,0.507365, 0.105567
us_000291319,0.507365, 0.107325
us_000608167,0.507365, 0.107695
us_000483488,0.507365, 0.108154
us_000492715,0.507365, 0.108294
us_000600927,0.507365, 0.108381
us_000041987,0.507365, 0.108445
us_000035022,0.507365, 0.108862
us_000459377,0.507365, 0.110157
us_000551869,0.507365, 0.110309
us_000514357,0.507365, 0.113258
us_000591227,0.507365, 0.114850
us_000539742,0.507365, 0.115195
us_000475981,0.507365, 0.115501
us_000604681,0.507365, 0.115881
us_000580613,0.507365, 0.116695
us_000468639,0.507365, 0.118286
us_000574912,0.507365, 0.118909
us_000529725,0.507365, 0.119176
us_000508895,0.507365, 0.121060
us_000575316,0.507365, 0.121141
us_000267906,0.507365, 0.121890
us_000514857,0.507365, 0.122384
us_000469934,0.507365, 0.125547
us_000478619,0.507365, 0.129305
us_000466978,0.507365, 0.130241
us_000577093,0.507365, 0.133476
us_000511831,0.507365, 0.137499
us_000561646,0.507365, 0.137509
us_000479161,0.507365, 0.139041
us_000556526,0.507365, 0.144069
us_000553017,0.507365, 0.146940
us_000477134,0.507365, 0.148832
us_000138951,0.507365, 0.149323
us_000496680,0.507365, 0.150406
us_000465970,0.507365, 0.152332
us_000556400,0.507365, 0.152647
us_000280508,0.507365, 0.154992
us_000597941,0.507365, 0.161201
us_000585891,0.507365, 0.180524
us_000498630,0.507365, 0.181938
us_000100391,0.507365, 0.191335
us_000561300,0.507365, 0.204533
us_000498560,0.507365, 0.208892
us_000530343,0.507365, 0.211068
us_000589238,0.507365, 0.224010
us_000477428,0.507365, 0.240670
us_000482037,0.507365, 0.248415
us_000495992,0.507365, 0.249060
us_000592679,0.507365, 0.249502
us_000525456,0.507365, 0.263786
us_000223890,0.507365, 0.289838
us_000589181,0.507365, 0.355280
us_000111452,0.507365, 0.358586
us_000578816,0.507365, 0.360651
us_000549170,0.507365, 0.370647
us_000565614,0.507365, 0.371256
us_000497020,0.507365, 0.465980
us_000476155,0.507365, 0.562740
us_000485315,0.507365, 0.626632
us_000483635,0.507365, 0.650403
us_000482651,0.507365, 0.745036
us_000519519,0.507365, 1.083523
us_000498197,0.482334, 0.000000
pr_000740906,0.482334, 0.000000
pr_001967944,0.482334, 0.000011
pr_000224326,0.482334, 0.000036
us_000488927,0.482334, 0.049755
us_000480742,0.482334, 0.130554
us_000511020,0.482334, 0.164342
us_000477085,0.482334, 0.168337
us_000509450,0.482334, 0.169265
us_000480874,0.482334, 0.170574
us_000476799,0.482334, 0.180778
us_000475574,0.482334, 0.206792
us_000478933,0.482334, 0.230494
us_000139368,0.482334, 0.237155
us_000482270,0.482334, 0.244563
us_000475845,0.482334, 0.263837
us_000479103,0.482334, 0.265144
us_000477562,0.482334, 0.270463
us_000479176,0.482334, 0.308614
us_000511189,0.482334, 0.309855
us_000494719,0.482334, 0.326443
us_000477666,0.482334, 0.340778
us_000495111,0.482334, 0.393124
us_000521043,0.482334, 0.401608
us_000478073,0.482334, 0.410258
us_000502538,0.482334, 0.410952
us_000510003,0.482334, 0.412781
us_000461562,0.482334, 0.428253
us_000511154,0.482334, 0.435074
us_000543511,0.482334, 0.458003
us_000503550,0.482334, 0.479894
us_000543498,0.482334, 0.484510
us_000503850,0.482334, 0.492269
us_000516944,0.482334, 0.544619
us_000494411,0.482334, 0.549543
us_000462889,0.482334, 0.558442
us_000540932,0.482334, 0.593208
us_000525404,0.482334, 0.620007
us_000550565,0.482334, 0.620647
us_000478848,0.482334, 0.634368
us_000493885,0.482334, 0.641618
us_000472165,0.482334, 0.654475
us_000531222,0.482334, 0.663605
us_000502204,0.482334, 0.685465
us_000550087,0.482334, 0.717369
us_000472292,0.482334, 0.750508
us_000480840,0.482334, 0.762288
us_000553764,0.482334, 0.763258
us_000526232,0.482334, 0.768049
us_000550649,0.482334, 0.775782
us_000549555,0.482334, 0.791966
us_000548951,0.482334, 0.832921
us_000524755,0.482334, 0.922739
pr_001848407,0.459396, 0.000028
us_000537418,0.459396, 0.000042
us_000516839,0.459396, 0.000066
us_000565814,0.459396, 0.000303
us_000592449,0.459396, 0.000347
us_000489657,0.459396, 0.098148
us_000384300,0.459396, 0.098148
us_000602624,0.459396, 0.116552
us_000607341,0.459396, 0.141706
us_000565302,0.459396, 0.525493
us_000475051,0.459396, 0.579427
pr_000764298,0.346162, 0.000005
us_000594813,0.346162, 0.048613
us_000470000,0.346162, 0.048845
us_000116693,0.346162, 0.048845
us_000593969,0.346162, 0.048845
us_000519832,0.346162, 0.051479
us_000493506,0.346162, 0.053546
pr_000973703,0.346162, 0.054330
pr_000708376,0.346162, 0.054796
us_000563357,0.346162, 0.058023
pr_000626890,0.346162, 0.062839
us_000488879,0.346162, 0.067773
us_000614902,0.346162, 0.072134
us_000478668,0.346162, 0.093480
us_000499608,0.346162, 0.179178
us_000485650,0.346162, 0.223861
pr_000328855,0.338183, 0.000000
pr_000922259,0.338183, 0.000000
pr_000584970,0.338183, 0.000000
pr_000161364,0.338183, 0.000000
us_000517076,0.338183, 0.000030
us_000495585,0.338183, 0.000030
us_000486384,0.338183, 0.007426
us_000471888,0.338183, 0.008082
us_000179515,0.338183, 0.022770
us_000465718,0.338183, 0.029420
us_000487364,0.338183, 0.031733
pr_000640816,0.338183, 0.053697
pr_001161345,0.338183, 0.055108
pr_001697838,0.338183, 0.055320
us_000592454,0.338183, 0.056833
us_000538173,0.338183, 0.056946
pr_000867428,0.338183, 0.057053
pr_000978903,0.338183, 0.062887
pr_000879102,0.338183, 0.064603
us_000537071,0.338183, 0.070653
pr_000851671,0.338183, 0.070985
pr_001917366,0.327001, 0.000000
pr_000399104,0.327001, 0.000000
us_000107898,0.327001, 0.004028
pr_000668369,0.308218, 0.000062
pr_000692388,0.308218, 0.037561
pr_002065859,0.308218, 0.041576
pr_000631923,0.308218, 0.042233
pr_001064421,0.308218, 0.042233
pr_000690335,0.308218, 0.042233
pr_000868725,0.308218, 0.043005
pr_001709371,0.308218, 0.044028
pr_000998942,0.308218, 0.044149
pr_000767809,0.308218, 0.044392
pr_001064538,0.308218, 0.044392
pr_000735884,0.308218, 0.044683
pr_000878612,0.308218, 0.044684
pr_000770496,0.308218, 0.044684
pr_000745157,0.308218, 0.044684
pr_000978152,0.308218, 0.044684
pr_000398790,0.308218, 0.046710
pr_000867442,0.308218, 0.046881
pr_000867854,0.308218, 0.046881
pr_000852122,0.308218, 0.046897
pr_000397948,0.308218, 0.047991
pr_001046092,0.308218, 0.048013
pr_000867910,0.308218, 0.048290
pr_000671146,0.308218, 0.048786
pr_000869436,0.308218, 0.050662
pr_000624587,0.308218, 0.051151
pr_000869493,0.308218, 0.053734
pr_001065057,0.308218, 0.054778
pr_000629050,0.308218, 0.054778
pr_000978080,0.308218, 0.055281
pr_000874148,0.308218, 0.060457
pr_000869096,0.308218, 0.062378
pr_000767658,0.308218, 0.068276
pr_001696337,0.308218, 1.063026
pr_000413998,0.254860, 0.000001
pr_000082434,0.254860, 0.000001
pr_000171074,0.254860, 0.000007
us_000465744,0.254860, 0.000016
pr_000185900,0.254860, 0.000042
pr_000871006,0.254860, 0.032715
pr_000866032,0.254860, 0.033270
pr_000867609,0.254860, 0.034581
pr_000867055,0.254860, 0.035470
pr_000867656,0.254860, 0.035541
pr_000868874,0.254860, 0.035793
pr_000866816,0.254860, 0.035831
pr_000867893,0.254860, 0.036942
pr_000708483,0.254860, 0.037003
pr_000874992,0.254860, 0.037109
pr_000851923,0.254860, 0.037186
pr_000647743,0.254860, 0.037340
pr_000868733,0.254860, 0.037340
pr_000750840,0.254860, 0.037340
pr_000867872,0.254860, 0.037851
pr_000867880,0.254860, 0.037853
pr_000869503,0.254860, 0.037954
pr_000870975,0.254860, 0.037954
pr_000868410,0.254860, 0.037981
pr_000866697,0.254860, 0.038012
pr_000868530,0.254860, 0.038022
pr_000870200,0.254860, 0.038118
pr_000907176,0.254860, 0.038155
pr_000870087,0.254860, 0.038382
pr_000631274,0.254860, 0.038495
pr_000866940,0.254860, 0.039248
pr_000869455,0.254860, 0.039393
pr_000866863,0.254860, 0.039408
pr_001936107,0.254860, 0.039412
pr_001647979,0.254860, 0.039412
pr_000870224,0.254860, 0.039432
pr_001031283,0.254860, 0.039446
pr_000867637,0.254860, 0.039446
pr_000703721,0.254860, 0.039446
pr_000867102,0.254860, 0.039446
pr_000868350,0.254860, 0.039446
pr_000866795,0.254860, 0.039473
pr_001946123,0.254860, 0.039475
pr_000867084,0.254860, 0.039487
pr_000867538,0.254860, 0.039559
pr_000868386,0.254860, 0.040112
pr_000867010,0.254860, 0.040245
pr_000868786,0.254860, 0.040250
pr_000971409,0.254860, 0.040361
pr_000869518,0.254860, 0.040390
pr_001031675,0.254860, 0.040447
pr_000869856,0.254860, 0.040477
pr_001020364,0.254860, 0.040517
pr_000868883,0.254860, 0.040572
pr_001390141,0.254860, 0.040956
pr_000870029,0.254860, 0.041082
pr_000624966,0.254860, 0.041356
pr_000868664,0.254860, 0.041433
pr_000866784,0.254860, 0.041590
pr_001726735,0.254860, 0.041595
pr_000870132,0.254860, 0.041654
pr_000855218,0.254860, 0.041662
pr_001039420,0.254860, 0.041708
pr_000733784,0.254860, 0.041708
pr_000871018,0.254860, 0.041756
pr_001622167,0.254860, 0.041770
pr_000741322,0.254860, 0.041777
pr_001403550,0.254860, 0.041793
pr_000868405,0.254860, 0.041820
pr_000400297,0.254860, 0.041855
pr_000660992,0.254860, 0.041921
pr_000621621,0.254860, 0.041974
pr_000586148,0.254860, 0.042064
pr_000599564,0.254860, 0.042111
pr_000628473,0.254860, 0.042111
pr_000730072,0.254860, 0.042646
pr_000867653,0.254860, 0.042650
pr_000866715,0.254860, 0.042708
pr_000869879,0.254860, 0.042721
pr_000868636,0.254860, 0.042768
pr_000867754,0.254860, 0.042833
pr_001726427,0.254860, 0.043301
pr_000907258,0.254860, 0.043420
pr_000855567,0.254860, 0.043570
pr_000267777,0.254860, 0.043824
pr_000869977,0.254860, 0.043922
pr_000867113,0.254860, 0.044397
pr_000904962,0.254860, 0.044573
pr_000638636,0.254860, 0.044610
pr_001086737,0.254860, 0.045381
pr_001152023,0.254860, 0.045758
pr_000868476,0.254860, 0.045760
pr_000883001,0.254860, 0.045760
pr_001832780,0.254860, 0.045760
pr_000670349,0.254860, 0.046091
pr_000676374,0.254860, 0.046170
pr_000859996,0.254860, 0.046170
pr_001685944,0.254860, 0.046170
pr_000869507,0.254860, 0.046170
pr_000906198,0.254860, 0.046629
pr_001398588,0.254860, 0.047506
pr_001393376,0.254860, 0.056299
pr_000668278,0.254860, 0.064712
pr_001722961,0.254860, 0.070369
pr_001619256,0.254860, 0.071369
pr_001879935,0.254860, 0.099017
pr_000511254,0.253529, 0.040780
pr_000636944,0.253529, 0.044590
pr_001628922,0.253529, 0.046323
pr_000967758,0.253529, 0.047925
pr_000973237,0.253529, 0.050376
pr_000852711,0.253529, 0.050551
pr_001162730,0.253529, 0.051219
pr_000700919,0.253529, 0.054134
us_000487383,0.253529, 0.272624
pr_001004618,0.206833, 0.000000
pr_000172558,0.206833, 0.000000
pr_000881131,0.206833, 0.000000
pr_000982698,0.206833, 0.000000
pr_000376671,0.206833, 0.000000
pr_000553304,0.206833, 0.000000
pr_000221801,0.206833, 0.000000
pr_000115858,0.206833, 0.000000
pr_001764327,0.206833, 0.000000
pr_000174944,0.206833, 0.000000
pr_000827065,0.206833, 0.000000
pr_001021684,0.206833, 0.000000
pr_000718399,0.206833, 0.000000
pr_000718390,0.206833, 0.000000
pr_001708373,0.206833, 0.000000
pr_001879037,0.206833, 0.000000
pr_001626962,0.206833, 0.000000
pr_000227261,0.206833, 0.000000
pr_000961800,0.206833, 0.000000
pr_001687976,0.206833, 0.000000
pr_000225767,0.206833, 0.000000
pr_000626264,0.206833, 0.000000
pr_000852364,0.206833, 0.000000
pr_002184144,0.206833, 0.000000
pr_001832072,0.206833, 0.000000
pr_001004606,0.206833, 0.000000
pr_000884804,0.206833, 0.000000
pr_000822884,0.206833, 0.000000
pr_000595792,0.206833, 0.000000
pr_000851950,0.206833, 0.000000
pr_001685988,0.206833, 0.000000
pr_000952560,0.206833, 0.000000
pr_001636470,0.206833, 0.000000
pr_000651365,0.206833, 0.000000
pr_000646541,0.206833, 0.000000
pr_000192052,0.206833, 0.000000
pr_001021041,0.206833, 0.000000
pr_000213338,0.206833, 0.000000
pr_000850768,0.206833, 0.000000
pr_000702346,0.206833, 0.000000
pr_002190700,0.206833, 0.000000
pr_001905702,0.206833, 0.000000
pr_001902545,0.206833, 0.000000
pr_000830160,0.206833, 0.000000
pr_000300473,0.206833, 0.000000
pr_000626150,0.206833, 0.000000
pr_001841254,0.206833, 0.000000
pr_000699920,0.206833, 0.000000
pr_000651933,0.206833, 0.000000
pr_001106788,0.206833, 0.000000
pr_001657256,0.206833, 0.000000
pr_000691028,0.206833, 0.000000
pr_000079143,0.206833, 0.000000
pr_000758989,0.206833, 0.000000
pr_000339979,0.206833, 0.000000
pr_000993345,0.206833, 0.000000
pr_000989412,0.206833, 0.000000
pr_001880570,0.206833, 0.000000
pr_000707069,0.206833, 0.000000
pr_002073201,0.206833, 0.000000
pr_001904579,0.206833, 0.000000
pr_000335851,0.206833, 0.000000
pr_000708128,0.206833, 0.000000
pr_001728760,0.206833, 0.000000
pr_000158145,0.206833, 0.000000
pr_001710743,0.206833, 0.000000
pr_000321417,0.206833, 0.000000
pr_001880528,0.206833, 0.000000
pr_000194530,0.206833, 0.000000
pr_000597355,0.206833, 0.000000
pr_000757663,0.206833, 0.000000
pr_000563082,0.206833, 0.000000
pr_000975802,0.206833, 0.000000
pr_001024420,0.206833, 0.000000
pr_001023299,0.206833, 0.000000
pr_001982660,0.206833, 0.000000
pr_000309540,0.206833, 0.000000
pr_002104988,0.206833, 0.000000
pr_002075392,0.206833, 0.000000
pr_000762398,0.206833, 0.000000
pr_000779954,0.206833, 0.000000
pr_000163501,0.206833, 0.000000
pr_002113060,0.206833, 0.000000
pr_000438449,0.206833, 0.000000
pr_001879257,0.206833, 0.000000
pr_002108590,0.206833, 0.000000
pr_000708627,0.206833, 0.000000
pr_001876897,0.206833, 0.000000
pr_001017349,0.206833, 0.000000
pr_000997045,0.206833, 0.000000
pr_001828603,0.206833, 0.000000
pr_001904699,0.206833, 0.000000
pr_000722983,0.206833, 0.000000
pr_000718676,0.206833, 0.000000
pr_001007683,0.206833, 0.000000
pr_000298935,0.206833, 0.000000
pr_000350606,0.206833, 0.000000
pr_000189508,0.206833, 0.000000
pr_000773814,0.206833, 0.000000
pr_001903681,0.206833, 0.000000
pr_000176234,0.206833, 0.000000
pr_000916683,0.206833, 0.000000
pr_000499641,0.206833, 0.000000
pr_001720946,0.206833, 0.000000
pr_001106595,0.206833, 0.000001
pr_000902709,0.206833, 0.000001
pr_001628007,0.206833, 0.000001
pr_001689245,0.206833, 0.000001
pr_000113642,0.206833, 0.000001
pr_000664141,0.206833, 0.000001
pr_001020454,0.206833, 0.000002
pr_001860928,0.206833, 0.000003
pr_001627835,0.206833, 0.000004
pr_000254769,0.206833, 0.000004
pr_000861651,0.206833, 0.000005
pr_000827459,0.206833, 0.000007
pr_001727851,0.206833, 0.000011
pr_000717116,0.206833, 0.000019
us_000462260,0.206833, 0.000044
us_000481908,0.206833, 0.000044
pr_000738192,0.206833, 0.000082
pr_000673194,0.206833, 0.000138
pr_000339869,0.206833, 0.006267
pr_000629885,0.206833, 0.007003
pr_001137342,0.206833, 0.007896
pr_000900767,0.206833, 0.008441
pr_001133246,0.206833, 0.021039
us_000466031,0.206833, 0.021744
pr_001144151,0.206833, 0.038113
pr_000874014,0.206833, 0.040379
pr_000642830,0.206833, 0.076492
us_000539386,0.206833, 0.130559
pr_000874010,0.206833, 0.202147
us_000497298,0.205250, 0.005353
us_000568684,0.205250, 0.009326
us_000585615,0.205250, 0.010132
us_000071047,0.205250, 0.023349
us_000539246,0.205250, 0.029738
us_000077998,0.205250, 0.031117
pr_001917812,0.203485, 0.000000
pr_000786205,0.203485, 0.000000
pr_001038596,0.203485, 0.000000
pr_000772556,0.203485, 0.000000
pr_000861267,0.203485, 0.000000
pr_000758175,0.203485, 0.000000
pr_000766398,0.203485, 0.000000
pr_001762459,0.203485, 0.000000
pr_002124470,0.203485, 0.000000
pr_001814798,0.203485, 0.000000
pr_001049330,0.203485, 0.000000
pr_001597858,0.203485, 0.000000
pr_002140577,0.203485, 0.000000
pr_002181872,0.203485, 0.000000
pr_001826772,0.203485, 0.000000
pr_001745726,0.203485, 0.000000
pr_001920009,0.203485, 0.000002
pr_001952462,0.203485, 0.000002
pr_000824442,0.203485, 0.000002
pr_001746956,0.203485, 0.000002
pr_001987117,0.203485, 0.000002
pr_001415161,0.203485, 0.000002
pr_001948468,0.203485, 0.000002
pr_000814206,0.203485, 0.000002
pr_000815565,0.203485, 0.000002
pr_001405184,0.203485, 0.000002
pr_001973111,0.203485, 0.000002
pr_002173108,0.203485, 0.000002
pr_000783090,0.203485, 0.000002
pr_001930271,0.203485, 0.000002
pr_001604915,0.203485, 0.000002
pr_001647914,0.203485, 0.000002
pr_000693315,0.203485, 0.000002
pr_000868222,0.203485, 0.000002
pr_001953430,0.203485, 0.000002
pr_000744104,0.203485, 0.000002
pr_000846304,0.203485, 0.000002
pr_002125902,0.203485, 0.000002
pr_001961069,0.203485, 0.000002
pr_002181881,0.203485, 0.000002
pr_002078646,0.203485, 0.000002
pr_001925854,0.203485, 0.000002
pr_001743175,0.203485, 0.000002
pr_000657016,0.203485, 0.000002
pr_001152990,0.203485, 0.000002
pr_001730927,0.203485, 0.000002
pr_001731909,0.203485, 0.000002
pr_001598845,0.203485, 0.000002
pr_001074882,0.203485, 0.000002
pr_001412749,0.203485, 0.000007
pr_000828813,0.203485, 0.000007
pr_000860403,0.203485, 0.000007
pr_000079108,0.203485, 0.000018
pr_000767790,0.203485, 0.030091
pr_000976684,0.203485, 0.030091
pr_000671131,0.203485, 0.030091
pr_000987420,0.203485, 0.030091
pr_000957094,0.203485, 0.030091
pr_000702084,0.203485, 0.030091
pr_001647984,0.203485, 0.030091
pr_000912684,0.203485, 0.030091
pr_000863182,0.203485, 0.030091
pr_000871015,0.203485, 0.030091
pr_001648587,0.203485, 0.030091
pr_000883969,0.203485, 0.030091
pr_000755390,0.203485, 0.030091
pr_000884278,0.203485, 0.030091
pr_000870116,0.203485, 0.030091
pr_000716872,0.203485, 0.030091
pr_000870300,0.203485, 0.030091
pr_000867707,0.203485, 0.030091
pr_000968168,0.203485, 0.030091
pr_000869437,0.203485, 0.030091
pr_000692499,0.203485, 0.030091
pr_000863466,0.203485, 0.030091
pr_000641908,0.203485, 0.030091
pr_000761623,0.203485, 0.030091
pr_001809927,0.203485, 0.030091
pr_000969557,0.203485, 0.030096
pr_000633662,0.203485, 0.030100
pr_000625276,0.203485, 0.030100
pr_000870036,0.203485, 0.030200
pr_000728430,0.203485, 0.030260
pr_000644635,0.203485, 0.030509
pr_000869539,0.203485, 0.031555
pr_001059574,0.203485, 0.031603
pr_000867848,0.203485, 0.031694
pr_000696346,0.203485, 0.032236
pr_001936828,0.203485, 0.032236
pr_001005166,0.203485, 0.032236
pr_001670236,0.203485, 0.032236
pr_001035800,0.203485, 0.032236
pr_000873076,0.203485, 0.032236
pr_001588418,0.203485, 0.032236
pr_001675416,0.203485, 0.032236
pr_001747305,0.203485, 0.032236
pr_000973756,0.203485, 0.032262
pr_000851766,0.203485, 0.032262
pr_001955079,0.203485, 0.032262
pr_001933993,0.203485, 0.032262
pr_000868870,0.203485, 0.032262
pr_000992053,0.203485, 0.032262
pr_001704972,0.203485, 0.032262
pr_000630944,0.203485, 0.032262
pr_000867209,0.203485, 0.032262
pr_000866764,0.203485, 0.032262
pr_000870137,0.203485, 0.032279
pr_000625430,0.203485, 0.032643
pr_000869541,0.203485, 0.033326
pr_000871005,0.203485, 0.033326
pr_001645202,0.203485, 0.033485
pr_001398662,0.203485, 0.033718
pr_000868509,0.203485, 0.033729
pr_000887341,0.203485, 0.033731
pr_000726858,0.203485, 0.033731
pr_000706685,0.203485, 0.033731
pr_001087614,0.203485, 0.033732
pr_001917726,0.203485, 0.033732
pr_001055721,0.203485, 0.033733
pr_000854151,0.203485, 0.033733
pr_001066294,0.203485, 0.033739
pr_000848547,0.203485, 0.033850
pr_000870708,0.203485, 0.033850
pr_000888218,0.203485, 0.033951
pr_000868489,0.203485, 0.034122
pr_000868863,0.203485, 0.034124
pr_000904630,0.203485, 0.034126
pr_000927746,0.203485, 0.034130
pr_001011926,0.203485, 0.034130
pr_000870315,0.203485, 0.034134
pr_000978884,0.203485, 0.034192
pr_000647564,0.203485, 0.034213
pr_000706878,0.203485, 0.034242
pr_000870057,0.203485, 0.034247
pr_000721103,0.203485, 0.034247
pr_000879998,0.203485, 0.034256
pr_001036403,0.203485, 0.034311
pr_001638352,0.203485, 0.034412
pr_001737068,0.203485, 0.034412
pr_001601892,0.203485, 0.034412
pr_001662600,0.203485, 0.034412
pr_001597095,0.203485, 0.034412
pr_001746337,0.203485, 0.034438
pr_001044119,0.203485, 0.034438
pr_001417313,0.203485, 0.034438
pr_001647592,0.203485, 0.034438
pr_001725605,0.203485, 0.034438
pr_000868823,0.203485, 0.034438
pr_000970127,0.203485, 0.034438
pr_001398856,0.203485, 0.034452
pr_000850641,0.203485, 0.034453
pr_001152005,0.203485, 0.034483
pr_001019346,0.203485, 0.034487
pr_000976908,0.203485, 0.034505
pr_000705725,0.203485, 0.034534
pr_000867450,0.203485, 0.034553
pr_001593142,0.203485, 0.034603
pr_000684698,0.203485, 0.034603
pr_001087899,0.203485, 0.034603
pr_000747421,0.203485, 0.034603
pr_001047227,0.203485, 0.034603
pr_000884230,0.203485, 0.034641
pr_000632616,0.203485, 0.034641
pr_000860083,0.203485, 0.034641
pr_000878093,0.203485, 0.034641
pr_000869471,0.203485, 0.034641
pr_000950142,0.203485, 0.034641
pr_000732180,0.203485, 0.034641
pr_000672383,0.203485, 0.034641
pr_000869835,0.203485, 0.034641
pr_000735772,0.203485, 0.034641
pr_000607035,0.203485, 0.034643
pr_000855480,0.203485, 0.034644
pr_001088661,0.203485, 0.034696
pr_000903682,0.203485, 0.034736
pr_000864953,0.203485, 0.034757
pr_000596972,0.203485, 0.034757
pr_000634913,0.203485, 0.034757
pr_000732523,0.203485, 0.034761
pr_000600442,0.203485, 0.034785
pr_000868845,0.203485, 0.034814
pr_000727717,0.203485, 0.034820
pr_001008550,0.203485, 0.034882
pr_000752297,0.203485, 0.034882
pr_000969192,0.203485, 0.034914
pr_000636768,0.203485, 0.034992
pr_000878805,0.203485, 0.035015
pr_000649582,0.203485, 0.035166
pr_001833883,0.203485, 0.035825
pr_000870158,0.203485, 0.035925
pr_000867051,0.203485, 0.036076
pr_000942641,0.203485, 0.036877
pr_000985264,0.203485, 0.036989
pr_000868479,0.203485, 0.037193
pr_000977142,0.203485, 0.038068
pr_000611984,0.203485, 0.038392
pr_000268361,0.203485, 0.039103
pr_000851627,0.203485, 0.040272
pr_000874697,0.203485, 0.040284
pr_000876844,0.203485, 0.041183
pr_001006394,0.203485, 0.041189
pr_001016082,0.203485, 0.041192
pr_000951292,0.203485, 0.041465
pr_000631916,0.203485, 0.042106
pr_000868411,0.203485, 0.042228
pr_000870270,0.203485, 0.042432
pr_000866811,0.203485, 0.043324
pr_000869997,0.203485, 0.043697
pr_001107321,0.203485, 0.043876
pr_000870101,0.203485, 0.044334
pr_000730661,0.203485, 0.044376
pr_001848433,0.203485, 0.045627
pr_000870079,0.203485, 0.046598
pr_000895908,0.203485, 0.047007
pr_000894202,0.203485, 0.048317
pr_000895529,0.203485, 0.048317
pr_000858714,0.203485, 0.049791
pr_001068680,0.203485, 0.051488
pr_001943146,0.203485, 0.054347
pr_001703540,0.203485, 0.063647
pr_002239937,0.203485, 0.076720
pr_000088915,0.202869, 0.000000
pr_000113888,0.202869, 0.000000
pr_000271983,0.202869, 0.032097
pr_000623907,0.202869, 0.032097
pr_000725768,0.202869, 0.032097
pr_000769960,0.202869, 0.032097
pr_000623040,0.202869, 0.032097
pr_000868127,0.202869, 0.032097
pr_000869866,0.202869, 0.032097
pr_000732165,0.202869, 0.032097
pr_000736865,0.202869, 0.032097
pr_000861268,0.202869, 0.032097
pr_001732324,0.202869, 0.032097
pr_001963297,0.202869, 0.032097
pr_000636877,0.202869, 0.032097
pr_000860846,0.202869, 0.032097
pr_000711233,0.202869, 0.032097
pr_000622871,0.202869, 0.032097
pr_000633906,0.202869, 0.032097
pr_001037485,0.202869, 0.032097
pr_000590030,0.202869, 0.032097
pr_000586454,0.202869, 0.032097
pr_000707571,0.202869, 0.032097
pr_000873722,0.202869, 0.032097
pr_000863678,0.202869, 0.032097
pr_001044778,0.202869, 0.032097
pr_000641909,0.202869, 0.032097
pr_001963299,0.202869, 0.032097
pr_000627243,0.202869, 0.032097
pr_000650221,0.202869, 0.032097
pr_002057425,0.202869, 0.032097
pr_000860023,0.202869, 0.032097
pr_001927839,0.202869, 0.032097
pr_001734572,0.202869, 0.032097
pr_001665064,0.202869, 0.032097
pr_001019926,0.202869, 0.032097
pr_000987161,0.202869, 0.032097
pr_000623387,0.202869, 0.032097
pr_000626280,0.202869, 0.032097
pr_000735210,0.202869, 0.032097
pr_001728902,0.202869, 0.032097
pr_000906930,0.202869, 0.032097
pr_000630288,0.202869, 0.032097
pr_000858667,0.202869, 0.032097
pr_000662494,0.202869, 0.032097
pr_000750842,0.202869, 0.032097
pr_000703784,0.202869, 0.032097
pr_000652817,0.202869, 0.032097
pr_001017476,0.202869, 0.032097
pr_000658206,0.202869, 0.032097
pr_000869517,0.202869, 0.032097
pr_001050105,0.202869, 0.032097
pr_000760430,0.202869, 0.032097
pr_000852802,0.202869, 0.032097
pr_001089917,0.202869, 0.032097
pr_000869814,0.202869, 0.032097
pr_000738377,0.202869, 0.032097
pr_000729799,0.202869, 0.032097
pr_000642810,0.202869, 0.032097
pr_001707446,0.202869, 0.032097
pr_000639143,0.202869, 0.032097
pr_001005172,0.202869, 0.032097
pr_001829758,0.202869, 0.032097
pr_001044925,0.202869, 0.032097
pr_000976108,0.202869, 0.032097
pr_000634045,0.202869, 0.032097
pr_000760364,0.202869, 0.032097
pr_000660635,0.202869, 0.032097
pr_002106901,0.202869, 0.032097
pr_000874961,0.202869, 0.032097
pr_000861799,0.202869, 0.032104
pr_000869751,0.202869, 0.032106
pr_001396839,0.202869, 0.032113
pr_000853677,0.202869, 0.032143
pr_000981203,0.202869, 0.032177
pr_000741068,0.202869, 0.032194
pr_001074078,0.202869, 0.032208
pr_000768775,0.202869, 0.032272
pr_000986688,0.202869, 0.032447
pr_000756236,0.202869, 0.032494
pr_001015769,0.202869, 0.032924
pr_000867504,0.202869, 0.033309
pr_000869902,0.202869, 0.033424
pr_000761422,0.202869, 0.033602
pr_000936770,0.202869, 0.033671
pr_001089932,0.202869, 0.033686
pr_000638656,0.202869, 0.033969
pr_000970662,0.202869, 0.033983
pr_000910643,0.202869, 0.034266
pr_001077512,0.202869, 0.034268
pr_000877699,0.202869, 0.034270
pr_000643274,0.202869, 0.034270
pr_000869472,0.202869, 0.034270
pr_000853517,0.202869, 0.034270
pr_002082125,0.202869, 0.034270
pr_001072316,0.202869, 0.034270
pr_000593641,0.202869, 0.034270
pr_001739754,0.202869, 0.034270
pr_000706729,0.202869, 0.034270
pr_000907239,0.202869, 0.034270
pr_000848799,0.202869, 0.034270
pr_001835803,0.202869, 0.034270
pr_000628944,0.202869, 0.034270
pr_001613741,0.202869, 0.034270
pr_001040513,0.202869, 0.034270
pr_000628098,0.202869, 0.034270
pr_001737023,0.202869, 0.034270
pr_001686113,0.202869, 0.034270
pr_001063982,0.202869, 0.034270
pr_000874822,0.202869, 0.034270
pr_001672727,0.202869, 0.034270
pr_001918819,0.202869, 0.034270
pr_001388471,0.202869, 0.034270
pr_000706776,0.202869, 0.034270
pr_000725215,0.202869, 0.034270
pr_000972015,0.202869, 0.034270
pr_001695976,0.202869, 0.034270
pr_001118652,0.202869, 0.034270
pr_000977499,0.202869, 0.034270
pr_000726684,0.202869, 0.034270
pr_000971984,0.202869, 0.034270
pr_001718419,0.202869, 0.034270
pr_001093636,0.202869, 0.034270
pr_000702040,0.202869, 0.034270
pr_001747319,0.202869, 0.034270
pr_000967635,0.202869, 0.034270
pr_000939695,0.202869, 0.034270
pr_000710814,0.202869, 0.034270
pr_000666031,0.202869, 0.034270
pr_000988296,0.202869, 0.034270
pr_001693089,0.202869, 0.034270
pr_000709752,0.202869, 0.034270
pr_001117718,0.202869, 0.034270
pr_001389390,0.202869, 0.034270
pr_000983447,0.202869, 0.034270
pr_001972374,0.202869, 0.034270
pr_000978406,0.202869, 0.034270
pr_000875841,0.202869, 0.034270
pr_000771878,0.202869, 0.034270
pr_000995913,0.202869, 0.034270
pr_000733027,0.202869, 0.034270
pr_001748820,0.202869, 0.034270
pr_001094205,0.202869, 0.034270
pr_000627946,0.202869, 0.034270
pr_002052936,0.202869, 0.034270
pr_000623163,0.202869, 0.034270
pr_000861165,0.202869, 0.034270
pr_001932277,0.202869, 0.034270
pr_000643747,0.202869, 0.034270
pr_000854823,0.202869, 0.034270
pr_001686139,0.202869, 0.034270
pr_000968839,0.202869, 0.034270
pr_000611979,0.202869, 0.034270
pr_000761632,0.202869, 0.034270
pr_000761620,0.202869, 0.034270
pr_000748828,0.202869, 0.034270
pr_001082096,0.202869, 0.034270
pr_000911036,0.202869, 0.034270
pr_001659314,0.202869, 0.034270
pr_001627151,0.202869, 0.034270
pr_002052970,0.202869, 0.034270
pr_000709699,0.202869, 0.034270
pr_000854905,0.202869, 0.034270
pr_001980036,0.202869, 0.034270
pr_000660663,0.202869, 0.034270
pr_000749048,0.202869, 0.034270
pr_001638332,0.202869, 0.034270
pr_001963303,0.202869, 0.034270
pr_000698185,0.202869, 0.034270
pr_000877814,0.202869, 0.034270
pr_000991760,0.202869, 0.034270
pr_000729931,0.202869, 0.034270
pr_000990577,0.202869, 0.034270
pr_000594196,0.202869, 0.034270
pr_000711332,0.202869, 0.034270
pr_001077736,0.202869, 0.034270
pr_000588929,0.202869, 0.034270
pr_001389192,0.202869, 0.034270
pr_000662950,0.202869, 0.034270
pr_000695057,0.202869, 0.034270
pr_000631350,0.202869, 0.034270
pr_000749925,0.202869, 0.034270
pr_000641925,0.202869, 0.034270
pr_000599431,0.202869, 0.034270
pr_000654360,0.202869, 0.034270
pr_000601453,0.202869, 0.034270
pr_000858492,0.202869, 0.034270
pr_000698837,0.202869, 0.034270
pr_001022661,0.202869, 0.034270
pr_001583703,0.202869, 0.034270
pr_000909025,0.202869, 0.034270
pr_000961927,0.202869, 0.034270
pr_000762640,0.202869, 0.034270
pr_001857743,0.202869, 0.034270
pr_000986820,0.202869, 0.034270
pr_001697528,0.202869, 0.034270
pr_000859759,0.202869, 0.034270
pr_001068498,0.202869, 0.034270
pr_002136168,0.202869, 0.034270
pr_001859719,0.202869, 0.034270
pr_000627580,0.202869, 0.034270
pr_000636668,0.202869, 0.034270
pr_000658801,0.202869, 0.034270
pr_001831046,0.202869, 0.034270
pr_000641695,0.202869, 0.034270
pr_000760260,0.202869, 0.034270
pr_000967502,0.202869, 0.034270
pr_000703720,0.202869, 0.034270
pr_001649037,0.202869, 0.034270
pr_001046181,0.202869, 0.034270
pr_000706842,0.202869, 0.034270
pr_000863350,0.202869, 0.034270
pr_001717564,0.202869, 0.034270
pr_000706836,0.202869, 0.034270
pr_000594900,0.202869, 0.034270
pr_000862276,0.202869, 0.034270
pr_000862291,0.202869, 0.034270
pr_000971239,0.202869, 0.034270
pr_000886246,0.202869, 0.034270
pr_001079800,0.202869, 0.034270
pr_000969056,0.202869, 0.034270
pr_001604365,0.202869, 0.034270
pr_000602195,0.202869, 0.034270
pr_000968731,0.202869, 0.034270
pr_001087921,0.202869, 0.034270
pr_000726003,0.202869, 0.034270
pr_001059596,0.202869, 0.034270
pr_001390135,0.202869, 0.034270
pr_000970911,0.202869, 0.034270
pr_000694573,0.202869, 0.034270
pr_000630497,0.202869, 0.034270
pr_001054300,0.202869, 0.034270
pr_000991476,0.202869, 0.034270
pr_000738948,0.202869, 0.034270
pr_000869635,0.202869, 0.034270
pr_001652889,0.202869, 0.034270
pr_000970811,0.202869, 0.034270
pr_000995341,0.202869, 0.034270
pr_000772384,0.202869, 0.034270
pr_000634368,0.202869, 0.034270
pr_000870000,0.202869, 0.034270
pr_000631415,0.202869, 0.034270
pr_000770908,0.202869, 0.034270
pr_001123572,0.202869, 0.034270
pr_001675417,0.202869, 0.034270
pr_000967530,0.202869, 0.034270
pr_001686153,0.202869, 0.034270
pr_000846904,0.202869, 0.034270
pr_000970597,0.202869, 0.034270
pr_001686138,0.202869, 0.034270
pr_001981830,0.202869, 0.034270
pr_001035829,0.202869, 0.034270
pr_000893772,0.202869, 0.034270
pr_001583306,0.202869, 0.034270
pr_001152886,0.202869, 0.034270
pr_000631362,0.202869, 0.034270
pr_001829783,0.202869, 0.034270
pr_001624766,0.202869, 0.034270
pr_000856186,0.202869, 0.034270
pr_000722728,0.202869, 0.034270
pr_000862352,0.202869, 0.034270
pr_000692624,0.202869, 0.034270
pr_001768306,0.202869, 0.034270
pr_000642278,0.202869, 0.034270
pr_000636896,0.202869, 0.034270
pr_002108752,0.202869, 0.034270
pr_001062630,0.202869, 0.034270
pr_000706681,0.202869, 0.034270
pr_001079698,0.202869, 0.034270
pr_001103855,0.202869, 0.034270
pr_000590181,0.202869, 0.034270
pr_001152240,0.202869, 0.034270
pr_001963280,0.202869, 0.034270
pr_001413096,0.202869, 0.034270
pr_001972229,0.202869, 0.034270
pr_000750813,0.202869, 0.034270
pr_000591356,0.202869, 0.034270
pr_001397559,0.202869, 0.034270
pr_002052996,0.202869, 0.034270
pr_001005358,0.202869, 0.034270
pr_000633005,0.202869, 0.034270
pr_000752012,0.202869, 0.034270
pr_000852782,0.202869, 0.034270
pr_000975901,0.202869, 0.034270
pr_000768247,0.202869, 0.034270
pr_000731720,0.202869, 0.034270
pr_001985014,0.202869, 0.034270
pr_001076384,0.202869, 0.034270
pr_000897432,0.202869, 0.034270
pr_001037014,0.202869, 0.034270
pr_000971219,0.202869, 0.034270
pr_000741489,0.202869, 0.034270
pr_001607436,0.202869, 0.034270
pr_000635233,0.202869, 0.034270
pr_000738224,0.202869, 0.034270
pr_002061320,0.202869, 0.034270
pr_000859438,0.202869, 0.034270
pr_000644233,0.202869, 0.034270
pr_002130230,0.202869, 0.034270
pr_000972211,0.202869, 0.034270
pr_000632476,0.202869, 0.034270
pr_000630102,0.202869, 0.034270
pr_002052992,0.202869, 0.034270
pr_001609126,0.202869, 0.034270
pr_000967935,0.202869, 0.034270
pr_000631481,0.202869, 0.034270
pr_000730043,0.202869, 0.034270
pr_001613743,0.202869, 0.034270
pr_000970500,0.202869, 0.034270
pr_001827671,0.202869, 0.034270
pr_002096423,0.202869, 0.034270
pr_000756860,0.202869, 0.034270
pr_001044825,0.202869, 0.034270
pr_001016407,0.202869, 0.034270
pr_000905973,0.202869, 0.034270
pr_000878837,0.202869, 0.034270
pr_000870376,0.202869, 0.034270
pr_000876837,0.202869, 0.034270
pr_000873145,0.202869, 0.034270
pr_001686034,0.202869, 0.034270
pr_000636446,0.202869, 0.034270
pr_000650428,0.202869, 0.034270
pr_001919809,0.202869, 0.034270
pr_000981781,0.202869, 0.034270
pr_001711261,0.202869, 0.034270
pr_000631384,0.202869, 0.034270
pr_000743269,0.202869, 0.034270
pr_001726412,0.202869, 0.034270
pr_000700267,0.202869, 0.034270
pr_001837687,0.202869, 0.034270
pr_000668134,0.202869, 0.034270
pr_001686140,0.202869, 0.034270
pr_000876916,0.202869, 0.034270
pr_000619378,0.202869, 0.034270
pr_001746267,0.202869, 0.034270
pr_000611550,0.202869, 0.034270
pr_001747317,0.202869, 0.034270
pr_000869279,0.202869, 0.034270
pr_000644798,0.202869, 0.034273
pr_001018498,0.202869, 0.034273
pr_000869731,0.202869, 0.034277
pr_000633185,0.202869, 0.034277
pr_001056483,0.202869, 0.034279
pr_000608898,0.202869, 0.034285
pr_000726935,0.202869, 0.034285
pr_000627998,0.202869, 0.034300
pr_000635150,0.202869, 0.034301
pr_001770341,0.202869, 0.034307
pr_001055700,0.202869, 0.034326
pr_001073914,0.202869, 0.034338
pr_000628735,0.202869, 0.034338
pr_000601401,0.202869, 0.034346
pr_000587396,0.202869, 0.034346
pr_000600386,0.202869, 0.034346
pr_000759243,0.202869, 0.034346
pr_001717170,0.202869, 0.034351
pr_002073091,0.202869, 0.034426
pr_000610727,0.202869, 0.034472
pr_001937565,0.202869, 0.034505
pr_000662049,0.202869, 0.034656
pr_000884745,0.202869, 0.034686
pr_000870259,0.202869, 0.034686
pr_000595029,0.202869, 0.034717
pr_000636145,0.202869, 0.034790
pr_000636769,0.202869, 0.034790
pr_000601657,0.202869, 0.034790
pr_000904044,0.202869, 0.034845
pr_001002195,0.202869, 0.034971
pr_000737463,0.202869, 0.034991
pr_000869461,0.202869, 0.035096
pr_001081746,0.202869, 0.035194
pr_000638260,0.202869, 0.035322
pr_000932614,0.202869, 0.035479
pr_001066857,0.202869, 0.035479
pr_000978967,0.202869, 0.036069
pr_001036352,0.202869, 0.036350
pr_000660741,0.202869, 0.036378
pr_000623369,0.202869, 0.036868
pr_000602646,0.202869, 0.036926
pr_000654515,0.202869, 0.037393
pr_000598797,0.202869, 0.037660
pr_000589165,0.202869, 0.038496
pr_001733514,0.202869, 0.038508
pr_000979123,0.202869, 0.038623
pr_000845821,0.202869, 0.038623
pr_000942274,0.202869, 0.038848
pr_000867389,0.202869, 0.038855
pr_001039096,0.202869, 0.038857
pr_000866916,0.202869, 0.039255
pr_001002688,0.202869, 0.040201
pr_000741487,0.202869, 0.040272
pr_000860758,0.202869, 0.040468
pr_000725300,0.202869, 0.040514
pr_000877693,0.202869, 0.040796
pr_000865375,0.202869, 0.040796
pr_000731228,0.202869, 0.040800
pr_002107915,0.202869, 0.040806
pr_000955738,0.202869, 0.040837
pr_000972756,0.202869, 0.041021
pr_000596124,0.202869, 0.041021
pr_001116651,0.202869, 0.041021
pr_000845516,0.202869, 0.041028
pr_001122772,0.202869, 0.041145
pr_001662364,0.202869, 0.041159
pr_001059608,0.202869, 0.041194
pr_000635885,0.202869, 0.041515
pr_000590754,0.202869, 0.041556
pr_000925350,0.202869, 0.041709
pr_000629182,0.202869, 0.041841
pr_000965556,0.202869, 0.041904
pr_000764081,0.202869, 0.041962
pr_001121502,0.202869, 0.042099
pr_001403668,0.202869, 0.042149
pr_000644686,0.202869, 0.042511
pr_002093400,0.202869, 0.042899
pr_000749739,0.202869, 0.044015
pr_000665412,0.202869, 0.044544
pr_000739690,0.202869, 0.044640
pr_001605321,0.202869, 0.045360
pr_000879768,0.202869, 0.046562
pr_000894217,0.202869, 0.046891
pr_000988747,0.202869, 0.047024
pr_000989784,0.202869, 0.047325
pr_000743669,0.202869, 0.047646
pr_000603344,0.202869, 0.047706
pr_000972059,0.202869, 0.047823
pr_000710993,0.202869, 0.048245
pr_001984177,0.202869, 0.048325
pr_000768825,0.202869, 0.048625
pr_001062916,0.202869, 0.048910
pr_000725825,0.202869, 0.049035
pr_000728477,0.202869, 0.049857
pr_002112785,0.202869, 0.049938
pr_000722270,0.202869, 0.050198
pr_000988284,0.202869, 0.050638
pr_000860164,0.202869, 0.051243
pr_001138273,0.202869, 0.051502
pr_002087242,0.202869, 0.051582
pr_000869730,0.202869, 0.052202
pr_000765584,0.202869, 0.054333
pr_000697085,0.202869, 0.054518
pr_000713162,0.202869, 0.055394
pr_000874628,0.202869, 0.055608
us_000001687,0.202869, 0.055731
pr_001704664,0.202869, 0.055881
pr_000979971,0.202869, 0.057264
pr_002053208,0.202869, 0.057759
pr_000631770,0.202869, 0.061793
pr_000698188,0.202869, 0.067293
pr_001849895,0.202869, 0.070928
pr_001397533,0.202869, 0.071258
pr_001694226,0.202869, 0.071741
pr_002178653,0.202869, 0.077904
pr_001095654,0.202869, 0.080099
pr_002206429,0.202869, 0.090327
pr_000946139,0.202869, 0.095716
pr_001160865,0.202869, 0.165091
pr_001724680,0.202869, 0.201255
pr_000648665,0.199104, 0.000009
pr_000705531,0.199104, 0.029380
pr_000636907,0.199104, 0.029380
pr_000651611,0.199104, 0.029380
pr_000690754,0.199104, 0.029420
pr_000652189,0.199104, 0.031301
pr_000971027,0.199104, 0.032206
pr_000729332,0.199104, 0.032663
pr_001051541,0.199104, 0.032663
pr_000628010,0.199104, 0.033298
pr_000966433,0.199104, 0.033298
pr_000636427,0.199104, 0.033298
pr_001019458,0.199104, 0.033298
pr_001064697,0.199104, 0.033298
pr_000971363,0.199104, 0.033298
pr_000974059,0.199104, 0.033298
pr_000629302,0.199104, 0.033304
pr_000730547,0.199104, 0.034140
pr_000697609,0.199104, 0.034718
pr_000972088,0.199104, 0.034738
pr_000995226,0.199104, 0.034738
pr_000706687,0.199104, 0.034896
pr_000663358,0.199104, 0.035205
pr_000628987,0.199104, 0.035281
pr_000956681,0.199104, 0.035297
pr_000767291,0.199104, 0.035373
pr_000711588,0.199104, 0.035373
pr_000918259,0.199104, 0.035373
pr_000629200,0.199104, 0.035373
pr_000711230,0.199104, 0.035373
pr_001044122,0.199104, 0.035373
pr_000978411,0.199104, 0.035373
pr_000734949,0.199104, 0.035373
pr_000627624,0.199104, 0.035373
pr_001019436,0.199104, 0.035373
pr_000875455,0.199104, 0.035373
pr_000644225,0.199104, 0.035377
pr_001744783,0.199104, 0.035380
pr_000847184,0.199104, 0.035412
pr_000768003,0.199104, 0.035432
pr_000632771,0.199104, 0.035722
pr_000636456,0.199104, 0.035730
pr_001829764,0.199104, 0.035730
pr_001067516,0.199104, 0.035830
pr_001005165,0.199104, 0.036292
pr_001934306,0.199104, 0.036292
pr_000972645,0.199104, 0.036292
pr_001719963,0.199104, 0.036292
pr_001599736,0.199104, 0.036293
pr_000702483,0.199104, 0.036788
pr_000758591,0.199104, 0.036890
pr_001015955,0.199104, 0.036890
pr_000721076,0.199104, 0.036890
pr_001000302,0.199104, 0.036890
pr_000758581,0.199104, 0.036890
pr_000846930,0.199104, 0.036890
pr_000660616,0.199104, 0.036890
pr_000631290,0.199104, 0.036890
pr_000769064,0.199104, 0.036890
pr_000627928,0.199104, 0.037118
pr_000974677,0.199104, 0.037217
pr_000870709,0.199104, 0.037526
pr_000967913,0.199104, 0.037526
pr_000989193,0.199104, 0.037526
pr_000690915,0.199104, 0.037526
pr_001019445,0.199104, 0.037526
pr_000870909,0.199104, 0.037526
pr_000711793,0.199104, 0.037526
pr_001583480,0.199104, 0.037526
pr_001866780,0.199104, 0.037526
pr_001070550,0.199104, 0.037526
pr_000660699,0.199104, 0.037526
pr_001035727,0.199104, 0.037526
pr_001413114,0.199104, 0.037526
pr_000625395,0.199104, 0.037526
pr_000701924,0.199104, 0.037526
pr_001039296,0.199104, 0.037526
pr_000878444,0.199104, 0.037526
pr_000691778,0.199104, 0.037526
pr_000971653,0.199104, 0.037526
pr_000767280,0.199104, 0.037526
pr_000758047,0.199104, 0.037526
pr_000735390,0.199104, 0.037526
pr_000596810,0.199104, 0.037526
pr_000990334,0.199104, 0.037526
pr_000986278,0.199104, 0.037526
pr_000705735,0.199104, 0.037526
pr_001044480,0.199104, 0.037526
pr_001709339,0.199104, 0.037526
pr_000736021,0.199104, 0.037526
pr_001039769,0.199104, 0.037526
pr_001744894,0.199104, 0.037526
pr_001037166,0.199104, 0.037526
pr_001597687,0.199104, 0.037526
pr_000768296,0.199104, 0.037526
pr_001162895,0.199104, 0.037526
pr_001039148,0.199104, 0.037526
pr_000889327,0.199104, 0.037526
pr_000705421,0.199104, 0.037526
pr_000741055,0.199104, 0.037526
pr_000660696,0.199104, 0.037526
pr_000661885,0.199104, 0.037526
pr_001038212,0.199104, 0.037526
pr_000970197,0.199104, 0.037526
pr_000887955,0.199104, 0.037526
pr_001699176,0.199104, 0.037526
pr_000636806,0.199104, 0.037526
pr_000857693,0.199104, 0.037526
pr_001709316,0.199104, 0.037526
pr_000990560,0.199104, 0.037526
pr_001652235,0.199104, 0.037532
pr_000644230,0.199104, 0.037564
pr_000977514,0.199104, 0.037570
pr_000631664,0.199104, 0.037684
pr_001414927,0.199104, 0.037689
pr_001035812,0.199104, 0.037710
pr_001166102,0.199104, 0.037723
pr_000967122,0.199104, 0.037830
pr_000634020,0.199104, 0.037830
pr_001015759,0.199104, 0.037830
pr_000668399,0.199104, 0.038050
pr_001075837,0.199104, 0.038270
pr_000633307,0.199104, 0.038789
pr_001934473,0.199104, 0.038932
pr_001584767,0.199104, 0.039236
pr_001597728,0.199104, 0.039270
pr_000631344,0.199104, 0.039369
pr_000668517,0.199104, 0.039369
pr_001035808,0.199104, 0.039537
pr_000768207,0.199104, 0.039831
pr_001049932,0.199104, 0.040194
pr_000172066,0.199104, 0.040252
pr_000630035,0.199104, 0.042165
pr_000892645,0.199104, 0.044461
pr_000630718,0.199104, 0.044758
pr_000631427,0.199104, 0.046473
pr_001118611,0.199104, 0.046963
pr_001702809,0.199104, 0.048781
pr_000659530,0.199104, 0.048952
pr_000158055,0.199104, 0.050825
pr_000568072,0.199104, 0.054677
pr_000555611,0.199104, 0.054761
pr_001023919,0.199104, 0.067473
pr_001731113,0.199104, 0.072050
us_000469468,0.166839, 0.000000
us_000526124,0.166839, 0.000000
us_000535204,0.166839, 0.000000
us_000485296,0.166839, 0.000000
us_000470177,0.166839, 0.000000
pr_000596984,0.166839, 0.000000
pr_000846071,0.166839, 0.000000
us_000608276,0.166839, 0.000084
us_000531759,0.166839, 0.000099
pr_000883236,0.166839, 0.000309
pr_000609202,0.166839, 0.000481
pr_000847192,0.166839, 0.001424
us_000360448,0.166839, 0.002061
pr_000969169,0.166839, 0.002513
us_000021245,0.166839, 0.028141
us_000391875,0.166839, 0.030058
pr_000970709,0.166839, 0.050318
us_000490032,0.166839, 0.055285
pr_000889100,0.166839, 0.055681
pr_001135901,0.166839, 0.060410
pr_001066985,0.166839, 0.079573
us_000586017,0.166839, 0.083837
pr_000983497,0.166839, 0.084496
pr_001074009,0.166839, 0.085266
us_000314355,0.166839, 0.126520
us_000438978,0.166839, 0.402708
us_000557873,0.166839, 0.416758
us_000482411,0.166839, 0.417637
pr_000002007,0.125132, 0.000000
pr_000002469,0.125132, 0.000003
us_000486547,0.125132, 0.000005
pr_000002607,0.125132, 0.000049
us_000487772,0.125132, 0.000071
pr_000399139,0.125132, 0.025336
pr_001013250,0.125132, 0.030205
pr_000040971,0.078574, 0.000000
us_000002003,0.078574, 0.000003
us_000328975,0.078574, 0.000003
us_000480967,0.078574, 0.000003
us_000383583,0.078574, 0.000003
us_000482274,0.078574, 0.000003
us_000461011,0.078574, 0.000003
us_000469864,0.078574, 0.000003
us_000480923,0.078574, 0.000003
us_000468929,0.078574, 0.000003
us_000475700,0.078574, 0.000003
us_000460974,0.078574, 0.000003
pr_000129069,0.078574, 0.000003
pr_000646233,0.078574, 0.000003
us_000485098,0.078574, 0.011975
us_000542109,0.078574, 0.015628
us_000085394,0.078574, 0.018118
pr_000268518,0.078574, 0.022091
pr_000401612,0.078574, 0.022093
pr_000399024,0.078574, 0.022177
pr_000188324,0.078574, 0.022499
pr_000269063,0.078574, 0.023711
pr_000412940,0.078574, 0.023928
pr_000448588,0.078574, 0.023961
pr_000270978,0.078574, 0.024263
pr_000158007,0.078574, 0.025303
pr_000398094,0.078574, 0.025735
pr_000401130,0.078574, 0.025869
pr_000400579,0.078574, 0.025874
pr_000268529,0.078574, 0.025874
pr_000397973,0.078574, 0.025874
pr_000161975,0.078574, 0.025922
pr_000271671,0.078574, 0.026111
us_000512333,0.055686, 0.000041
us_000493659,0.055686, 0.000239
us_000492047,0.055686, 0.000239
us_000484002,0.055686, 0.000253
us_000489953,0.055686, 0.000255
us_000577085,0.055686, 0.001323
us_000487302,0.055686, 0.002029
us_000475225,0.055686, 0.004953
us_000495431,0.055686, 0.011914
us_000500217,0.055686, 0.017782
pr_002193150,0.055686, 0.028543
pr_000767284,0.055686, 0.029364
us_000543887,0.055686, 0.030630
us_000490829,0.021258, 0.000000
us_000499600,0.021258, 0.000000
us_000511287,0.021258, 0.000000
pr_001855161,0.021258, 0.000000
pr_001941822,0.021258, 0.000000
pr_001100187,0.021258, 0.000000
pr_001884755,0.021258, 0.000000
pr_001872427,0.021258, 0.000000
pr_002037418,0.021258, 0.000000
pr_001129858,0.021258, 0.000000
pr_001795955,0.021258, 0.000000
pr_001889942,0.021258, 0.000000
pr_001155664,0.021258, 0.000000
pr_001854133,0.021258, 0.000000
pr_001800445,0.021258, 0.000000
pr_001885518,0.021258, 0.000000
pr_001941372,0.021258, 0.000000
pr_000938588,0.021258, 0.000000
pr_001941905,0.021258, 0.000000
pr_001154724,0.021258, 0.000000
pr_001784547,0.021258, 0.000000
pr_001855607,0.021258, 0.000000
pr_000713281,0.021258, 0.000000
pr_001874121,0.021258, 0.000000
pr_001089786,0.021258, 0.000000
pr_001891285,0.021258, 0.000000
pr_001883368,0.021258, 0.000000
pr_000752615,0.021258, 0.000000
pr_001146987,0.021258, 0.000000
pr_001785141,0.021258, 0.000000
pr_001775335,0.021258, 0.000000
pr_001782284,0.021258, 0.000000
pr_001144007,0.021258, 0.000000
pr_001129151,0.021258, 0.000000
pr_001796158,0.021258, 0.000000
pr_001807541,0.021258, 0.000000
pr_001156364,0.021258, 0.000000
pr_001774966,0.021258, 0.000000
pr_001803020,0.021258, 0.000000
pr_001938840,0.021258, 0.000000
pr_001939458,0.021258, 0.000000
pr_000560674,0.021258, 0.000000
pr_001146847,0.021258, 0.000000
pr_001884488,0.021258, 0.000000
pr_001140790,0.021258, 0.000000
pr_001776230,0.021258, 0.000000
pr_002040695,0.021258, 0.000000
us_000476322,0.021258, 0.000000
us_000464057,0.021258, 0.000000
us_000459294,0.021258, 0.000000
us_000281717,0.021258, 0.000000
pr_002142208,0.021258, 0.000000
pr_001028813,0.021258, 0.000001
pr_001080893,0.021258, 0.000001
pr_000451142,0.021258, 0.000001
pr_001112099,0.021258, 0.000001
pr_000987588,0.021258, 0.000001
pr_000993830,0.021258, 0.000001
pr_001982734,0.021258, 0.000001
pr_001106028,0.021258, 0.000001
us_000467928,0.021258, 0.000001
us_000464395,0.021258, 0.000001
us_000467645,0.021258, 0.000001
us_000466547,0.021258, 0.000001
us_000474078,0.021258, 0.000001
pr_000705720,0.021258, 0.000001
pr_000709161,0.021258, 0.000001
pr_001932438,0.021258, 0.000001
pr_002136237,0.021258, 0.000001
pr_000782879,0.021258, 0.000001
pr_002181863,0.021258, 0.000001
pr_000649204,0.021258, 0.000001
pr_001406433,0.021258, 0.000001
pr_001139325,0.021258, 0.000001
pr_001138557,0.021258, 0.000001
pr_001103219,0.021258, 0.000001
pr_001398716,0.021258, 0.000001
pr_001155835,0.021258, 0.000001
pr_001155847,0.021258, 0.000001
pr_001624523,0.021258, 0.000001
pr_001399368,0.021258, 0.000001
pr_000823491,0.021258, 0.000002
pr_001846993,0.021258, 0.000002
pr_001904329,0.021258, 0.000002
pr_002193066,0.021258, 0.000002
pr_001628893,0.021258, 0.000002
pr_001147353,0.021258, 0.000003
pr_001769767,0.021258, 0.000003
pr_001703931,0.021258, 0.000004
pr_002183450,0.021258, 0.000004
pr_002116586,0.021258, 0.000004
pr_001851982,0.021258, 0.000004
pr_000861252,0.021258, 0.000004
pr_002118891,0.021258, 0.000004
pr_002194260,0.021258, 0.000004
pr_000970759,0.021258, 0.000004
pr_001909430,0.021258, 0.000004
pr_001673070,0.021258, 0.000004
pr_000876867,0.021258, 0.000005
pr_001007710,0.021258, 0.000005
pr_000738354,0.021258, 0.000005
pr_002143300,0.021258, 0.000005
pr_002059002,0.021258, 0.000005
pr_001584697,0.021258, 0.000005
pr_001766405,0.021258, 0.000005
pr_002170297,0.021258, 0.000005
pr_001019796,0.021258, 0.000005
pr_001866727,0.021258, 0.000005
pr_001802573,0.021258, 0.000007
pr_000645581,0.021258, 0.000007
pr_000903537,0.021258, 0.000009
pr_001766323,0.021258, 0.000009
pr_000995896,0.021258, 0.000009
pr_000816427,0.021258, 0.000009
pr_001929520,0.021258, 0.000010
pr_002231197,0.021258, 0.000011
pr_000735847,0.021258, 0.000011
pr_002110449,0.021258, 0.000012
pr_001673017,0.021258, 0.000012
pr_000760144,0.021258, 0.000013
pr_001392803,0.021258, 0.000014
pr_001097445,0.021258, 0.000015
pr_000941266,0.021258, 0.000017
pr_000940343,0.021258, 0.000017
pr_000639964,0.021258, 0.000021
pr_001047163,0.021258, 0.000021
pr_000711837,0.021258, 0.000022
pr_000951902,0.021258, 0.000022
pr_000745479,0.021258, 0.000023
pr_001062805,0.021258, 0.000023
pr_000984292,0.021258, 0.000023
pr_000955970,0.021258, 0.000023
pr_001999391,0.021258, 0.000025
pr_001790808,0.021258, 0.000025
pr_001855286,0.021258, 0.000025
pr_001660484,0.021258, 0.000026
pr_001164893,0.021258, 0.000027
us_000597707,0.021258, 0.000031
pr_001643421,0.021258, 0.000032
pr_001710112,0.021258, 0.000035
pr_001938749,0.021258, 0.000035
pr_000973973,0.021258, 0.000038
pr_001778140,0.021258, 0.000038
pr_000562387,0.021258, 0.000040
pr_001143869,0.021258, 0.000040
pr_001784874,0.021258, 0.000043
pr_001034595,0.021258, 0.000048
pr_000472133,0.021258, 0.000048
pr_000966310,0.021258, 0.000048
pr_001088395,0.021258, 0.000048
pr_001138668,0.021258, 0.000048
pr_001139560,0.021258, 0.000048
pr_001642080,0.021258, 0.000048
pr_000737766,0.021258, 0.000048
pr_000419270,0.021258, 0.000048
pr_001719120,0.021258, 0.000048
pr_001770194,0.021258, 0.000048
pr_000884008,0.021258, 0.000048
pr_001644745,0.021258, 0.000048
pr_001144601,0.021258, 0.000048
pr_001643450,0.021258, 0.000048
pr_001963405,0.021258, 0.000048
pr_001585872,0.021258, 0.000048
pr_001103883,0.021258, 0.000048
pr_001160872,0.021258, 0.000048
pr_000852738,0.021258, 0.000048
pr_000785730,0.021258, 0.000048
pr_001139838,0.021258, 0.000048
pr_000917863,0.021258, 0.000048
pr_001138546,0.021258, 0.000048
pr_000960427,0.021258, 0.000048
pr_000545321,0.021258, 0.000048
pr_000591540,0.021258, 0.000048
pr_000736707,0.021258, 0.000048
pr_000740805,0.021258, 0.000048
pr_001640671,0.021258, 0.000048
pr_002225797,0.021258, 0.000048
pr_001144337,0.021258, 0.000048
pr_001019711,0.021258, 0.000048
pr_001972301,0.021258, 0.000048
pr_000960040,0.021258, 0.000048
pr_001019717,0.021258, 0.000048
pr_001144355,0.021258, 0.000048
pr_000429231,0.021258, 0.000048
pr_001603428,0.021258, 0.000048
pr_000714698,0.021258, 0.000049
pr_000706313,0.021258, 0.000051
pr_000953111,0.021258, 0.000052
us_000466693,0.021258, 0.000056
pr_001630154,0.021258, 0.000058
pr_000648698,0.021258, 0.000058
pr_001616346,0.021258, 0.000059
pr_000824851,0.021258, 0.000063
pr_000950262,0.021258, 0.000063
pr_001001738,0.021258, 0.000065
pr_000975073,0.021258, 0.000065
pr_000649593,0.021258, 0.000079
pr_000868121,0.021258, 0.000080
pr_001901431,0.021258, 0.000086
pr_000746454,0.021258, 0.000088
pr_001392146,0.021258, 0.000089
pr_000967715,0.021258, 0.000090
pr_000669085,0.021258, 0.000092
pr_001073930,0.021258, 0.000092
pr_001966621,0.021258, 0.000099
pr_001049440,0.021258, 0.000102
pr_002079453,0.021258, 0.000104
pr_001103381,0.021258, 0.000112
pr_001001243,0.021258, 0.000115
pr_000670486,0.021258, 0.000123
pr_000753579,0.021258, 0.000123
pr_000969375,0.021258, 0.000126
pr_001001709,0.021258, 0.000128
pr_001163630,0.021258, 0.000139
pr_000593489,0.021258, 0.000145
pr_001852531,0.021258, 0.000147
pr_000760152,0.021258, 0.000152
pr_001942388,0.021258, 0.000156
pr_001159363,0.021258, 0.000156
pr_000578606,0.021258, 0.000157
pr_000590797,0.021258, 0.000157
pr_000632370,0.021258, 0.000157
pr_001887913,0.021258, 0.000177
pr_000824293,0.021258, 0.000182
us_000432902,0.021258, 0.000186
pr_000782707,0.021258, 0.000195
us_000575531,0.021258, 0.000212
pr_001845941,0.021258, 0.000212
pr_001103398,0.021258, 0.000213
pr_001153464,0.021258, 0.000213
pr_000018878,0.021258, 0.000217
pr_000638169,0.021258, 0.000225
us_000582493,0.021258, 0.000233
pr_001996548,0.021258, 0.000253
us_000510583,0.021258, 0.000304
pr_001148357,0.021258, 0.000312
pr_000420102,0.021258, 0.000335
pr_000747123,0.021258, 0.000401
pr_000937591,0.021258, 0.000439
pr_001137639,0.021258, 0.000442
us_000274133,0.021258, 0.000443
pr_001088072,0.021258, 0.000476
us_000461145,0.021258, 0.000517
us_000176098,0.021258, 0.000525
pr_001662501,0.021258, 0.000535
pr_001136775,0.021258, 0.000570
pr_001137038,0.021258, 0.000570
pr_001750654,0.021258, 0.000570
pr_001091278,0.021258, 0.000570
pr_001104515,0.021258, 0.000570
pr_000584062,0.021258, 0.000570
pr_001974980,0.021258, 0.000570
pr_001096617,0.021258, 0.000570
pr_000572708,0.021258, 0.000570
pr_001137509,0.021258, 0.000570
pr_000786566,0.021258, 0.000570
pr_001137718,0.021258, 0.000570
pr_001096643,0.021258, 0.000570
pr_000837579,0.021258, 0.000570
pr_001798714,0.021258, 0.000570
pr_001132246,0.021258, 0.000573
pr_001140138,0.021258, 0.000576
pr_000706338,0.021258, 0.000579
us_000489900,0.021258, 0.000584
pr_001118700,0.021258, 0.000673
pr_001672668,0.021258, 0.000682
pr_001950101,0.021258, 0.000801
pr_001089014,0.021258, 0.000876
pr_001685936,0.021258, 0.000884
pr_000722281,0.021258, 0.000894
pr_000960100,0.021258, 0.000915
pr_001066244,0.021258, 0.001007
us_000506549,0.021258, 0.001030
us_000611807,0.021258, 0.001051
pr_000551928,0.021258, 0.001097
pr_001060943,0.021258, 0.001108
pr_001852768,0.021258, 0.001111
pr_002056335,0.021258, 0.001125
us_000503805,0.021258, 0.001170
pr_001065286,0.021258, 0.001209
pr_001744908,0.021258, 0.001305
us_000480959,0.021258, 0.001313
pr_001043835,0.021258, 0.001441
pr_002124510,0.021258, 0.001443
pr_001926826,0.021258, 0.001443
pr_001946135,0.021258, 0.001443
pr_002077519,0.021258, 0.001443
pr_000832346,0.021258, 0.001443
pr_000758778,0.021258, 0.001447
pr_002094493,0.021258, 0.001465
pr_000982378,0.021258, 0.001498
pr_001921453,0.021258, 0.001537
pr_000685293,0.021258, 0.001560
pr_000977343,0.021258, 0.001573
pr_001587365,0.021258, 0.001658
us_000508852,0.021258, 0.001802
pr_002077069,0.021258, 0.001816
pr_001925695,0.021258, 0.001816
pr_002082959,0.021258, 0.001816
pr_002154494,0.021258, 0.001816
pr_002084142,0.021258, 0.001816
pr_002176651,0.021258, 0.001816
pr_002064772,0.021258, 0.001816
pr_001684286,0.021258, 0.001816
pr_002094961,0.021258, 0.001816
pr_002078462,0.021258, 0.001816
pr_001682699,0.021258, 0.001816
pr_001759328,0.021258, 0.001816
pr_002078315,0.021258, 0.001816
pr_001659554,0.021258, 0.001816
pr_001664487,0.021258, 0.001816
pr_002078171,0.021258, 0.001816
pr_002204730,0.021258, 0.001816
pr_001683444,0.021258, 0.001816
pr_001668635,0.021258, 0.001817
pr_002068827,0.021258, 0.001825
us_000538511,0.021258, 0.001838
pr_000730129,0.021258, 0.001853
pr_000878491,0.021258, 0.001855
pr_001076012,0.021258, 0.001866
us_000490131,0.021258, 0.001871
pr_002174057,0.021258, 0.001911
pr_001955094,0.021258, 0.001911
pr_000831505,0.021258, 0.001912
pr_000583229,0.021258, 0.001925
pr_002094935,0.021258, 0.001957
pr_000779183,0.021258, 0.001980
pr_000741071,0.021258, 0.002020
pr_001971644,0.021258, 0.002032
us_000477497,0.021258, 0.002045
pr_002074780,0.021258, 0.002055
pr_000655715,0.021258, 0.002056
pr_002086043,0.021258, 0.002061
pr_002072266,0.021258, 0.002061
pr_001733466,0.021258, 0.002061
us_000465472,0.021258, 0.002067
pr_001950162,0.021258, 0.002098
pr_001611422,0.021258, 0.002110
pr_001695625,0.021258, 0.002191
pr_002084287,0.021258, 0.002208
pr_002084361,0.021258, 0.002239
pr_000823779,0.021258, 0.002318
us_000461097,0.021258, 0.002329
us_000601095,0.021258, 0.002334
pr_002094236,0.021258, 0.002349
pr_002157730,0.021258, 0.002371
us_000397215,0.021258, 0.002431
pr_000633165,0.021258, 0.002446
pr_002082931,0.021258, 0.002481
pr_001759627,0.021258, 0.002722
pr_002234576,0.021258, 0.003057
pr_001965115,0.021258, 0.003168
us_000481512,0.021258, 0.003229
pr_002078753,0.021258, 0.003393
pr_001857083,0.021258, 0.003625
pr_000829726,0.021258, 0.003728
us_000556742,0.021258, 0.004030
pr_000636309,0.021258, 0.004156
pr_000560235,0.021258, 0.004336
us_000464896,0.021258, 0.004453
pr_001947690,0.021258, 0.004591
pr_000661641,0.021258, 0.004870
pr_001816790,0.021258, 0.005005
pr_001698037,0.021258, 0.005036
us_000491841,0.021258, 0.005196
pr_000889136,0.021258, 0.005225
us_000471589,0.021258, 0.005244
pr_000890970,0.021258, 0.005273
pr_001969562,0.021258, 0.005326
pr_001987160,0.021258, 0.005438
pr_000910654,0.021258, 0.005521
us_000473068,0.021258, 0.005575
pr_001681752,0.021258, 0.005634
pr_000486271,0.021258, 0.005685
pr_000106574,0.021258, 0.005695
pr_000890470,0.021258, 0.005822
pr_000168259,0.021258, 0.005828
pr_000664486,0.021258, 0.005872
pr_001114911,0.021258, 0.005958
pr_000745009,0.021258, 0.006084
pr_000815519,0.021258, 0.006699
pr_000944092,0.021258, 0.006944
pr_001687441,0.021258, 0.008249
pr_002226275,0.021258, 0.008387
pr_000965078,0.021258, 0.008457
pr_001690892,0.021258, 0.009075
pr_000953847,0.021258, 0.010169
pr_001747439,0.021258, 0.010176
us_000481179,0.021258, 0.010388
pr_002222968,0.021258, 0.010456
pr_001696338,0.021258, 0.010691
us_000481205,0.021258, 0.010884
pr_000206447,0.021258, 0.010980
us_000481297,0.021258, 0.011012
pr_001915632,0.021258, 0.011846
pr_002052328,0.021258, 0.011908
pr_002098312,0.021258, 0.012208
us_000511508,0.021258, 0.012360
pr_002135458,0.021258, 0.014779
pr_000885828,0.021258, 0.014821
us_000363775,0.021258, 0.015053
pr_000698254,0.021258, 0.015480
pr_001725140,0.021258, 0.016722
us_000599995,0.021258, 0.017520
pr_001987459,0.021258, 0.018579
pr_001078065,0.021258, 0.018872
pr_001693110,0.021258, 0.020240
pr_002061932,0.021258, 0.021660
us_000560092,0.021258, 0.022343
pr_002070282,0.021258, 0.022888
pr_001640102,0.021258, 0.023475
us_000616190,0.021258, 0.023824
pr_001733279,0.021258, 0.024998
us_000469780,0.021258, 0.026127
us_000462720,0.021258, 0.026784
us_000579992,0.021258, 0.028225
us_000534090,0.021258, 0.031447
pr_001663820,0.021258, 0.034561
pr_000664640,0.021258, 0.038516
us_000464054,0.021258, 0.038809
pr_001642819,0.021258, 0.041798
pr_001857027,0.021258, 0.042625
pr_001733434,0.021258, 0.043902
pr_001929673,0.021258, 0.046852
us_000486088,0.021258, 0.047640
us_000464857,0.021258, 0.049304
us_000487497,0.021258, 0.059742
us_000510469,0.021258, 0.069985
us_000150181,0.021258, 0.178603
pr_002137393,0.021258, 0.476915
pr_001694230,0.021258, 0.485458
pr_001654366,0.021258, 0.506999
pr_001952499,0.021258, 0.510528
pr_002063535,0.021258, 0.514352
pr_001970868,0.021258, 0.514420
pr_001945230,0.021258, 0.514535
pr_001964364,0.021258, 0.515921
pr_001955125,0.021258, 0.516136
pr_002106042,0.021258, 0.518149
pr_001736040,0.021258, 0.594872
