Product ID : 7834 # of JPs covered : 1 : 433 : Personal Injury-Trial-Strategies, 
OID,Confidence at Map Node,Error at Map Node
us_000622670,1.000000,0.003269
us_000581441,1.000000,0.009589
pr_001815055,1.000000,0.031553
pr_001876655,1.000000,0.031995
us_000518744,1.000000,0.064728
us_000587693,1.000000,0.075763
us_000598426,1.000000,0.206983
us_000598421,1.000000,0.461792
us_000620991,1.000000,0.497269
us_000621269,1.000000,1.471620
us_000587838,1.000000,1.521146
us_000621058,1.000000,1.552088
us_000621128,1.000000,1.560634
us_000621145,1.000000,1.675802
pr_001583765,0.311060,0.000000
us_000523864,0.311060,0.000000
us_000488081,0.311060,0.000000
pr_000611793,0.311060,0.000000
pr_000105066,0.311060,0.000000
pr_000786958,0.311060,0.000001
pr_001097152,0.311060,0.000001
pr_000021892,0.311060,0.000002
us_000599713,0.311060,0.000002
pr_000666059,0.311060,0.000003
us_000514782,0.311060,0.000005
pr_001027162,0.311060,0.000010
us_000503036,0.311060,0.000042
us_000525895,0.311060,0.001646
us_000533687,0.311060,0.004513
us_000621887,0.311060,0.337484
us_000578098,0.311060,0.343778
us_000545881,0.311060,0.374138
us_000588159,0.311060,0.385145
us_000617847,0.311060,0.390933
us_000596846,0.311060,0.393020
us_000600903,0.311060,0.397044
us_000593619,0.311060,0.411564
us_000609592,0.311060,0.416014
us_000623000,0.311060,0.421714
us_000622215,0.311060,0.437368
us_000620842,0.311060,0.465101
us_000618624,0.311060,0.600357
us_000512554,0.311060,0.640352
us_000598617,0.311060,0.695031
us_000512645,0.311060,0.696673
us_000512599,0.311060,0.904393
us_000582219,0.311060,0.960210
us_000596752,0.311060,1.856466
us_000596755,0.311060,1.911518
us_000616425,0.258220,0.000031
pr_000297854,0.258220,0.000081
us_000560413,0.258220,0.000133
us_000614447,0.258220,0.000204
us_000620391,0.258220,0.000401
us_000610473,0.258220,0.000411
us_000610420,0.258220,0.000465
us_000598347,0.258220,0.000588
us_000485922,0.258220,0.000730
us_000493000,0.258220,0.000778
us_000598703,0.258220,0.001173
us_000607891,0.258220,0.001388
us_000616292,0.258220,0.001672
us_000621585,0.258220,0.001689
us_000606670,0.258220,0.002026
us_000617099,0.258220,0.003918
us_000571208,0.258220,0.004457
us_000563473,0.258220,0.011442
us_000592690,0.258220,0.017854
us_000615685,0.258220,0.190211
pr_000482629,0.193340,0.000000
us_000541464,0.193340,0.000002
us_000507476,0.193340,0.000003
pr_000730153,0.193340,0.000006
pr_001837724,0.193340,0.000058
us_000538092,0.193340,0.000123
us_000585023,0.193340,0.000173
us_000587635,0.193340,0.000283
us_000593351,0.193340,0.000443
us_000593276,0.193340,0.001080
us_000479988,0.193340,0.002791
us_000617267,0.193340,0.066739
us_000609538,0.193340,0.122653
us_000587778,0.193340,4.604127
pr_001129328,0.106936,0.000000
pr_000579525,0.106936,0.000001
pr_000725445,0.106936,0.000004
pr_000879862,0.106936,0.000005
pr_000872099,0.106936,0.000005
pr_000929365,0.106936,0.000005
pr_000852440,0.106936,0.000022
us_000558623,0.106936,0.000117
us_000562132,0.106936,0.000198
us_000554664,0.106936,0.003786
us_000580362,0.106936,0.006867
us_000621735,0.106936,0.122252
us_000610983,0.106936,0.286510
us_000515937,0.106936,0.487592
pr_001872310,0.033514,0.000000
us_000468462,0.033514,0.000000
us_000568781,0.033514,0.000000
us_000481136,0.033514,0.000000
us_000522691,0.033514,0.000001
pr_000426131,0.033514,0.000001
us_000607421,0.033514,0.000004
pr_000293036,0.033514,0.000026
us_000494699,0.033514,0.000029
us_000589564,0.033514,0.000098
us_000620425,0.033514,0.000099
us_000512231,0.033514,0.000217
us_000546383,0.033514,0.000325
us_000603680,0.033514,0.000329
us_000599227,0.033514,0.000539
us_000591809,0.033514,0.000643
us_000588331,0.033514,0.000715
us_000598798,0.033514,0.000810
us_000588296,0.033514,0.000837
us_000597909,0.033514,0.001044
us_000595166,0.033514,0.001150
us_000575654,0.033514,0.001179
us_000608579,0.033514,0.001244
us_000571323,0.033514,0.001454
us_000559201,0.033514,0.001681
us_000529628,0.033514,0.002281
us_000550229,0.033514,0.002449
us_000578661,0.033514,0.002488
us_000609353,0.033514,0.002489
us_000622079,0.033514,0.002534
us_000619670,0.033514,0.002548
us_000595087,0.033514,0.002638
us_000589570,0.033514,0.002771
us_000467747,0.033514,0.002801
us_000571777,0.033514,0.003927
us_000552366,0.033514,0.004041
us_000573999,0.033514,0.004104
us_000592436,0.033514,0.004106
us_000545713,0.033514,0.004493
us_000610944,0.033514,0.004539
us_000566768,0.033514,0.005427
us_000548630,0.033514,0.006411
us_000565154,0.033514,0.006424
us_000528701,0.033514,0.006582
us_000591045,0.033514,0.007316
us_000544693,0.033514,0.008143
us_000593522,0.033514,0.008934
us_000518050,0.033514,0.008946
us_000605975,0.033514,0.009189
us_000588104,0.033514,0.009616
us_000620414,0.033514,0.012181
us_000555808,0.033514,0.013219
us_000593448,0.033514,0.013705
us_000599408,0.033514,0.013834
us_000607840,0.033514,0.016679
us_000497690,0.033514,0.019202
us_000555246,0.033514,0.023247
us_000618504,0.033514,0.035343
us_000592229,0.033514,0.044101
us_000578840,0.033514,0.049202
us_000543595,0.033514,0.116907
us_000593294,0.033514,1.262904
us_000536443,0.033514,1.420592
us_000597183,0.033514,1.731009
pr_001621729,0.029158,0.000000
pr_001832405,0.029158,0.000000
pr_001830480,0.029158,0.000000
pr_000438499,0.029158,0.000000
pr_000852552,0.029158,0.000000
pr_002119820,0.029158,0.000000
pr_001997799,0.029158,0.000000
us_000536441,0.029158,0.000000
us_000557604,0.029158,0.000000
us_000529210,0.029158,0.000000
pr_001773547,0.029158,0.000000
pr_001804447,0.029158,0.000000
us_000520981,0.029158,0.000000
us_000534235,0.029158,0.000000
pr_000591602,0.029158,0.000000
us_000469931,0.029158,0.000000
us_000536408,0.029158,0.000000
us_000592432,0.029158,0.000001
us_000591489,0.029158,0.000001
us_000592370,0.029158,0.000001
us_000591627,0.029158,0.000001
us_000591844,0.029158,0.000002
us_000590939,0.029158,0.000005
us_000564055,0.029158,0.000022
us_000545447,0.029158,0.000027
us_000513098,0.029158,0.000034
us_000585365,0.029158,0.000050
pr_000603762,0.029158,0.000074
us_000589270,0.029158,0.000080
us_000548692,0.029158,0.000097
us_000588109,0.029158,0.000097
us_000597101,0.029158,0.000098
us_000597105,0.029158,0.000098
us_000582578,0.029158,0.000112
us_000593990,0.029158,0.000113
us_000593491,0.029158,0.000118
us_000593335,0.029158,0.000122
us_000593537,0.029158,0.000127
us_000589292,0.029158,0.000131
us_000592640,0.029158,0.000143
us_000533447,0.029158,0.000178
us_000586708,0.029158,0.000183
us_000601971,0.029158,0.000187
us_000499692,0.029158,0.000197
us_000594043,0.029158,0.000211
us_000593626,0.029158,0.000288
us_000600450,0.029158,0.000370
us_000603513,0.029158,0.000436
us_000603658,0.029158,0.000539
us_000529289,0.029158,0.000562
us_000587868,0.029158,0.000641
us_000521142,0.029158,0.000861
us_000576645,0.029158,0.000871
us_000580064,0.029158,0.001058
us_000616225,0.029158,0.001064
us_000616309,0.029158,0.001090
us_000612257,0.029158,0.002043
us_000598733,0.029158,0.002722
us_000613196,0.029158,0.003127
us_000615395,0.029158,0.003938
us_000577879,0.029158,0.008333
us_000598290,0.029158,0.008725
us_000616401,0.029158,0.010454
us_000609449,0.029158,0.012991
us_000585482,0.029158,0.038787
us_000593986,0.029158,0.038791
us_000590452,0.029158,0.038792
us_000588641,0.029158,0.038792
us_000589197,0.029158,0.038808
us_000584045,0.029158,0.038827
us_000571479,0.029158,0.038840
us_000570561,0.029158,0.038847
us_000588619,0.029158,0.038861
us_000589263,0.029158,0.038864
us_000548641,0.029158,0.038866
us_000591796,0.029158,0.038866
us_000559215,0.029158,0.038886
us_000588752,0.029158,0.038887
us_000566361,0.029158,0.038890
us_000588465,0.029158,0.038892
us_000570594,0.029158,0.038895
us_000587450,0.029158,0.038898
us_000592252,0.029158,0.038898
us_000591813,0.029158,0.038905
us_000578793,0.029158,0.038905
us_000587427,0.029158,0.038908
us_000559317,0.029158,0.038909
us_000581976,0.029158,0.038918
us_000581903,0.029158,0.038922
us_000528251,0.029158,0.038929
us_000584016,0.029158,0.038933
us_000596972,0.029158,0.038937
us_000564557,0.029158,0.038937
us_000585379,0.029158,0.038938
us_000557734,0.029158,0.038942
us_000589279,0.029158,0.038944
us_000547587,0.029158,0.038951
us_000579719,0.029158,0.038955
us_000588474,0.029158,0.038958
us_000596210,0.029158,0.038959
us_000559222,0.029158,0.038962
us_000566294,0.029158,0.038967
us_000581935,0.029158,0.038972
us_000584613,0.029158,0.038976
us_000527198,0.029158,0.038983
us_000590307,0.029158,0.038985
us_000584071,0.029158,0.038992
us_000566624,0.029158,0.038993
us_000586717,0.029158,0.039003
us_000545367,0.029158,0.039004
us_000564686,0.029158,0.039018
us_000569251,0.029158,0.039018
us_000566874,0.029158,0.039020
us_000585173,0.029158,0.039027
pr_000707249,0.029158,0.039033
us_000571381,0.029158,0.039034
us_000583994,0.029158,0.039036
pr_000087840,0.029158,0.039043
us_000559194,0.029158,0.039044
us_000527778,0.029158,0.039045
us_000583507,0.029158,0.039060
us_000572354,0.029158,0.039061
us_000583934,0.029158,0.039069
us_000566136,0.029158,0.039070
us_000599326,0.029158,0.039073
us_000571563,0.029158,0.039074
us_000559594,0.029158,0.039080
us_000566966,0.029158,0.039091
us_000583998,0.029158,0.039093
us_000567019,0.029158,0.039093
us_000586894,0.029158,0.039107
us_000491206,0.029158,0.039120
us_000599282,0.029158,0.039121
us_000564613,0.029158,0.039128
us_000571343,0.029158,0.039129
us_000584206,0.029158,0.039142
us_000504981,0.029158,0.039148
us_000545938,0.029158,0.039148
us_000540522,0.029158,0.039158
us_000570673,0.029158,0.039167
us_000566863,0.029158,0.039172
us_000570665,0.029158,0.039182
us_000527412,0.029158,0.039183
us_000553556,0.029158,0.039194
us_000552825,0.029158,0.039195
us_000589196,0.029158,0.039204
us_000600652,0.029158,0.039205
us_000571357,0.029158,0.039206
us_000566882,0.029158,0.039210
us_000586300,0.029158,0.039218
us_000573568,0.029158,0.039233
us_000545333,0.029158,0.039246
us_000544478,0.029158,0.039248
us_000529495,0.029158,0.039258
us_000591757,0.029158,0.039280
us_000588122,0.029158,0.039281
us_000592127,0.029158,0.039283
us_000577323,0.029158,0.039295
us_000574655,0.029158,0.039303
us_000582855,0.029158,0.039315
us_000598558,0.029158,0.039315
us_000593606,0.029158,0.039316
us_000593596,0.029158,0.039316
us_000593592,0.029158,0.039316
us_000593588,0.029158,0.039316
us_000589113,0.029158,0.039320
us_000593655,0.029158,0.039329
us_000590358,0.029158,0.039335
us_000491021,0.029158,0.039339
us_000589124,0.029158,0.039346
us_000590357,0.029158,0.039347
us_000573578,0.029158,0.039349
us_000569603,0.029158,0.039357
us_000592942,0.029158,0.039360
us_000596343,0.029158,0.039363
us_000580422,0.029158,0.039367
us_000580407,0.029158,0.039367
us_000593929,0.029158,0.039368
us_000545442,0.029158,0.039368
us_000596519,0.029158,0.039370
us_000582074,0.029158,0.039370
us_000573996,0.029158,0.039373
us_000570491,0.029158,0.039373
us_000592820,0.029158,0.039374
us_000591493,0.029158,0.039377
us_000581261,0.029158,0.039378
us_000527413,0.029158,0.039378
us_000599329,0.029158,0.039382
us_000599340,0.029158,0.039382
us_000588471,0.029158,0.039382
us_000573785,0.029158,0.039383
us_000591638,0.029158,0.039384
us_000588380,0.029158,0.039384
us_000545406,0.029158,0.039388
us_000596938,0.029158,0.039391
us_000570575,0.029158,0.039391
us_000588484,0.029158,0.039393
us_000588477,0.029158,0.039393
us_000593637,0.029158,0.039393
us_000587361,0.029158,0.039393
us_000576375,0.029158,0.039394
us_000579923,0.029158,0.039394
us_000573533,0.029158,0.039396
us_000565233,0.029158,0.039398
us_000598832,0.029158,0.039399
us_000572472,0.029158,0.039399
us_000597092,0.029158,0.039400
us_000597033,0.029158,0.039400
us_000596231,0.029158,0.039401
us_000593338,0.029158,0.039402
us_000593340,0.029158,0.039402
us_000593341,0.029158,0.039402
us_000598658,0.029158,0.039405
us_000588196,0.029158,0.039406
us_000592299,0.029158,0.039406
us_000591494,0.029158,0.039407
us_000593536,0.029158,0.039407
us_000588507,0.029158,0.039407
us_000584020,0.029158,0.039408
us_000589893,0.029158,0.039410
us_000592467,0.029158,0.039410
us_000589291,0.029158,0.039411
us_000591174,0.029158,0.039411
us_000588990,0.029158,0.039411
us_000594082,0.029158,0.039411
us_000594083,0.029158,0.039411
us_000585612,0.029158,0.039411
us_000592681,0.029158,0.039412
us_000592914,0.029158,0.039413
us_000592911,0.029158,0.039413
us_000592839,0.029158,0.039414
us_000592827,0.029158,0.039414
us_000592732,0.029158,0.039414
us_000598665,0.029158,0.039414
us_000598682,0.029158,0.039414
us_000593873,0.029158,0.039415
us_000574049,0.029158,0.039415
us_000593468,0.029158,0.039416
us_000592730,0.029158,0.039419
us_000592729,0.029158,0.039419
us_000592728,0.029158,0.039419
us_000592209,0.029158,0.039421
us_000573885,0.029158,0.039422
us_000592925,0.029158,0.039424
us_000592929,0.029158,0.039424
us_000598594,0.029158,0.039427
us_000598601,0.029158,0.039427
us_000598633,0.029158,0.039427
us_000593622,0.029158,0.039431
us_000573126,0.029158,0.039431
us_000573867,0.029158,0.039433
us_000591122,0.029158,0.039433
us_000598834,0.029158,0.039434
us_000594133,0.029158,0.039434
us_000527522,0.029158,0.039436
us_000593896,0.029158,0.039436
us_000588934,0.029158,0.039437
us_000548597,0.029158,0.039441
us_000589921,0.029158,0.039441
us_000589282,0.029158,0.039441
us_000511528,0.029158,0.039441
us_000499276,0.029158,0.039442
us_000599068,0.029158,0.039443
us_000599071,0.029158,0.039443
us_000588393,0.029158,0.039444
us_000588389,0.029158,0.039444
us_000599112,0.029158,0.039444
us_000596566,0.029158,0.039447
us_000574006,0.029158,0.039449
us_000599270,0.029158,0.039452
us_000599279,0.029158,0.039452
us_000599284,0.029158,0.039452
us_000599293,0.029158,0.039452
us_000587916,0.029158,0.039454
us_000589277,0.029158,0.039456
us_000589259,0.029158,0.039456
us_000474679,0.029158,0.039459
us_000587033,0.029158,0.039459
us_000589085,0.029158,0.039459
us_000589067,0.029158,0.039460
us_000465283,0.029158,0.039460
us_000588898,0.029158,0.039461
us_000574136,0.029158,0.039462
us_000598718,0.029158,0.039467
us_000574117,0.029158,0.039468
us_000582533,0.029158,0.039471
us_000599748,0.029158,0.039471
us_000592237,0.029158,0.039475
us_000514516,0.029158,0.039476
us_000587907,0.029158,0.039477
us_000587879,0.029158,0.039479
us_000564961,0.029158,0.039479
us_000583443,0.029158,0.039481
us_000572240,0.029158,0.039484
us_000598148,0.029158,0.039486
us_000599072,0.029158,0.039488
us_000599084,0.029158,0.039489
us_000587334,0.029158,0.039489
us_000587333,0.029158,0.039489
us_000587332,0.029158,0.039489
us_000587268,0.029158,0.039491
us_000582010,0.029158,0.039495
us_000598852,0.029158,0.039496
pr_000765947,0.029158,0.039501
us_000600344,0.029158,0.039509
us_000600447,0.029158,0.039512
us_000496723,0.029158,0.039513
us_000588373,0.029158,0.039518
us_000583799,0.029158,0.039520
us_000583117,0.029158,0.039523
us_000599104,0.029158,0.039523
us_000575222,0.029158,0.039525
us_000599264,0.029158,0.039528
us_000599267,0.029158,0.039528
us_000583410,0.029158,0.039534
us_000583405,0.029158,0.039534
us_000584196,0.029158,0.039538
us_000490151,0.029158,0.039539
us_000549955,0.029158,0.039540
us_000584114,0.029158,0.039540
us_000580182,0.029158,0.039544
us_000545492,0.029158,0.039548
us_000577372,0.029158,0.039549
us_000564318,0.029158,0.039552
us_000574770,0.029158,0.039552
us_000592443,0.029158,0.039554
us_000583460,0.029158,0.039557
us_000574952,0.029158,0.039558
us_000600620,0.029158,0.039578
us_000589108,0.029158,0.039578
us_000600812,0.029158,0.039580
us_000514651,0.029158,0.039580
us_000490380,0.029158,0.039582
us_000598589,0.029158,0.039586
us_000614401,0.029158,0.039604
pr_001099128,0.029158,0.039610
us_000588360,0.029158,0.039616
us_000601327,0.029158,0.039620
us_000594024,0.029158,0.039631
us_000553111,0.029158,0.039633
us_000599302,0.029158,0.039641
us_000599304,0.029158,0.039641
us_000532507,0.029158,0.039642
us_000573579,0.029158,0.039642
us_000599309,0.029158,0.039643
us_000599310,0.029158,0.039643
us_000599306,0.029158,0.039643
us_000600449,0.029158,0.039650
us_000600451,0.029158,0.039650
us_000572453,0.029158,0.039656
us_000535639,0.029158,0.039657
us_000583119,0.029158,0.039662
us_000488905,0.029158,0.039663
us_000466200,0.029158,0.039663
us_000605042,0.029158,0.039677
us_000605321,0.029158,0.039678
us_000493553,0.029158,0.039682
us_000573266,0.029158,0.039684
us_000572835,0.029158,0.039689
us_000604448,0.029158,0.039690
us_000492362,0.029158,0.039707
us_000605576,0.029158,0.039708
us_000605212,0.029158,0.039744
us_000545664,0.029158,0.039745
us_000604758,0.029158,0.039767
us_000586030,0.029158,0.039775
us_000604449,0.029158,0.039788
us_000575152,0.029158,0.039790
us_000599373,0.029158,0.039796
us_000571153,0.029158,0.039826
us_000508382,0.029158,0.039841
us_000575162,0.029158,0.039841
us_000534611,0.029158,0.039841
us_000541086,0.029158,0.039841
us_000592418,0.029158,0.039841
us_000592417,0.029158,0.039841
us_000591935,0.029158,0.039841
us_000592433,0.029158,0.039841
us_000592428,0.029158,0.039841
us_000592394,0.029158,0.039841
us_000592356,0.029158,0.039841
us_000600996,0.029158,0.039841
us_000592758,0.029158,0.039841
us_000592294,0.029158,0.039842
us_000592141,0.029158,0.039842
us_000592135,0.029158,0.039842
us_000526675,0.029158,0.039842
us_000592227,0.029158,0.039842
us_000592246,0.029158,0.039842
us_000592212,0.029158,0.039842
us_000592151,0.029158,0.039842
us_000592143,0.029158,0.039842
us_000548794,0.029158,0.039842
us_000591833,0.029158,0.039843
us_000591827,0.029158,0.039843
us_000573130,0.029158,0.039843
us_000592408,0.029158,0.039844
us_000592412,0.029158,0.039844
us_000591111,0.029158,0.039845
us_000524540,0.029158,0.039845
us_000591027,0.029158,0.039845
us_000591618,0.029158,0.039847
us_000575934,0.029158,0.039847
us_000591602,0.029158,0.039848
us_000591572,0.029158,0.039848
us_000561766,0.029158,0.039851
us_000575195,0.029158,0.039852
us_000573115,0.029158,0.039852
us_000573121,0.029158,0.039853
us_000575119,0.029158,0.039853
us_000573627,0.029158,0.039855
us_000562007,0.029158,0.039859
us_000532041,0.029158,0.039862
us_000553920,0.029158,0.039863
us_000531926,0.029158,0.039863
us_000560998,0.029158,0.039863
us_000575310,0.029158,0.039866
us_000575292,0.029158,0.039867
us_000572843,0.029158,0.039868
us_000561162,0.029158,0.039870
us_000561170,0.029158,0.039870
us_000573865,0.029158,0.039871
us_000554054,0.029158,0.039879
us_000555521,0.029158,0.039880
us_000572341,0.029158,0.039882
us_000575481,0.029158,0.039885
us_000598360,0.029158,0.039886
us_000498574,0.029158,0.039890
us_000599355,0.029158,0.039907
us_000598149,0.029158,0.039908
us_000598151,0.029158,0.039908
us_000598173,0.029158,0.039909
us_000592363,0.029158,0.039914
us_000598403,0.029158,0.039917
us_000602003,0.029158,0.039922
us_000582032,0.029158,0.039926
us_000589271,0.029158,0.039928
us_000589234,0.029158,0.039928
us_000575495,0.029158,0.039930
us_000575525,0.029158,0.039934
us_000527197,0.029158,0.039934
us_000554264,0.029158,0.039941
us_000559846,0.029158,0.039941
us_000601343,0.029158,0.039955
us_000579682,0.029158,0.039959
us_000532579,0.029158,0.039963
us_000591541,0.029158,0.039963
us_000595721,0.029158,0.039967
us_000599382,0.029158,0.039967
us_000573004,0.029158,0.039976
us_000599701,0.029158,0.039984
us_000496705,0.029158,0.040001
us_000592831,0.029158,0.040006
us_000603222,0.029158,0.040009
us_000588409,0.029158,0.040013
us_000559818,0.029158,0.040016
us_000570968,0.029158,0.040028
us_000549828,0.029158,0.040035
us_000596777,0.029158,0.040063
us_000572408,0.029158,0.040076
us_000545082,0.029158,0.040086
us_000510678,0.029158,0.040099
us_000532736,0.029158,0.040099
us_000523861,0.029158,0.040100
us_000590938,0.029158,0.040155
us_000607367,0.029158,0.040157
us_000471870,0.029158,0.040159
us_000608854,0.029158,0.040161
us_000608765,0.029158,0.040161
us_000573922,0.029158,0.040174
us_000608359,0.029158,0.040186
us_000611194,0.029158,0.040187
us_000513462,0.029158,0.040193
us_000614169,0.029158,0.040208
us_000518823,0.029158,0.040212
us_000608676,0.029158,0.040214
us_000608652,0.029158,0.040237
us_000606840,0.029158,0.040252
us_000561862,0.029158,0.040253
us_000535038,0.029158,0.040261
us_000582221,0.029158,0.040263
us_000589486,0.029158,0.040263
us_000618014,0.029158,0.040266
us_000491231,0.029158,0.040272
us_000575946,0.029158,0.040274
us_000608700,0.029158,0.040276
us_000608524,0.029158,0.040278
us_000607299,0.029158,0.040280
us_000606905,0.029158,0.040281
us_000611889,0.029158,0.040285
us_000593538,0.029158,0.040289
us_000609992,0.029158,0.040328
us_000611568,0.029158,0.040330
us_000616224,0.029158,0.040344
us_000616226,0.029158,0.040344
us_000616227,0.029158,0.040344
us_000616228,0.029158,0.040344
us_000519024,0.029158,0.040348
us_000488794,0.029158,0.040349
us_000586780,0.029158,0.040351
us_000616285,0.029158,0.040359
us_000595082,0.029158,0.040367
us_000616308,0.029158,0.040370
us_000541872,0.029158,0.040377
us_000606602,0.029158,0.040383
us_000583495,0.029158,0.040388
us_000611142,0.029158,0.040390
us_000609872,0.029158,0.040438
us_000509245,0.029158,0.040458
us_000616463,0.029158,0.040459
us_000492060,0.029158,0.040466
us_000617108,0.029158,0.040466
us_000613483,0.029158,0.040496
us_000610114,0.029158,0.040521
us_000610808,0.029158,0.040525
us_000610079,0.029158,0.040545
us_000611254,0.029158,0.040557
us_000614669,0.029158,0.040557
us_000592444,0.029158,0.040567
us_000612146,0.029158,0.040572
us_000526989,0.029158,0.040579
us_000514922,0.029158,0.040584
us_000603386,0.029158,0.040595
us_000602019,0.029158,0.040635
us_000544245,0.029158,0.040647
us_000583042,0.029158,0.040647
us_000612479,0.029158,0.040657
us_000616670,0.029158,0.040658
us_000611427,0.029158,0.040667
us_000575943,0.029158,0.040669
us_000614274,0.029158,0.040674
us_000549102,0.029158,0.040682
us_000567494,0.029158,0.040709
us_000616830,0.029158,0.040723
us_000582264,0.029158,0.040725
us_000602276,0.029158,0.040735
us_000594136,0.029158,0.040769
us_000610354,0.029158,0.040799
us_000616963,0.029158,0.040803
us_000584170,0.029158,0.040825
us_000532398,0.029158,0.040825
us_000592403,0.029158,0.040832
us_000617329,0.029158,0.040845
us_000617337,0.029158,0.040846
us_000617352,0.029158,0.040861
us_000605555,0.029158,0.040861
us_000597032,0.029158,0.040890
us_000616310,0.029158,0.040896
us_000527244,0.029158,0.040904
us_000492663,0.029158,0.040933
us_000616633,0.029158,0.040966
us_000573092,0.029158,0.040989
us_000612510,0.029158,0.040994
us_000616676,0.029158,0.040995
us_000613017,0.029158,0.041024
us_000616789,0.029158,0.041025
us_000617674,0.029158,0.041058
us_000617701,0.029158,0.041080
us_000592451,0.029158,0.041090
us_000528071,0.029158,0.041096
us_000597133,0.029158,0.041105
us_000617711,0.029158,0.041109
us_000586349,0.029158,0.041117
us_000608892,0.029158,0.041125
us_000600639,0.029158,0.041148
us_000616661,0.029158,0.041178
us_000490924,0.029158,0.041192
us_000616668,0.029158,0.041223
us_000532645,0.029158,0.041322
us_000548723,0.029158,0.041332
us_000598406,0.029158,0.041359
us_000599039,0.029158,0.041371
us_000554180,0.029158,0.041379
us_000592940,0.029158,0.041414
us_000598887,0.029158,0.041469
us_000618313,0.029158,0.041491
us_000592920,0.029158,0.041499
us_000579805,0.029158,0.041506
us_000608640,0.029158,0.041515
us_000618356,0.029158,0.041562
us_000521671,0.029158,0.041570
us_000581134,0.029158,0.041581
us_000614649,0.029158,0.041589
us_000614632,0.029158,0.041594
us_000534057,0.029158,0.041611
us_000546127,0.029158,0.041613
us_000612952,0.029158,0.041643
us_000533446,0.029158,0.041645
us_000612433,0.029158,0.041650
us_000311828,0.029158,0.041668
us_000471683,0.029158,0.041675
us_000575272,0.029158,0.041705
us_000599325,0.029158,0.041706
us_000598188,0.029158,0.041720
us_000532352,0.029158,0.041720
us_000561145,0.029158,0.041776
us_000585058,0.029158,0.041836
us_000584675,0.029158,0.041856
us_000572548,0.029158,0.041881
us_000559870,0.029158,0.041939
us_000618813,0.029158,0.041951
us_000543125,0.029158,0.041973
us_000617038,0.029158,0.042007
us_000545394,0.029158,0.042012
us_000592455,0.029158,0.042014
us_000493580,0.029158,0.042028
us_000572073,0.029158,0.042041
us_000620183,0.029158,0.042073
us_000573640,0.029158,0.042077
us_000559641,0.029158,0.042121
us_000613476,0.029158,0.042162
us_000541892,0.029158,0.042218
us_000487734,0.029158,0.042223
us_000491494,0.029158,0.042289
us_000565744,0.029158,0.042298
us_000551075,0.029158,0.042305
us_000543305,0.029158,0.042316
us_000570678,0.029158,0.042317
us_000488603,0.029158,0.042340
us_000605140,0.029158,0.042368
us_000592763,0.029158,0.042386
us_000618783,0.029158,0.042438
us_000544050,0.029158,0.042460
us_000488449,0.029158,0.042463
us_000605105,0.029158,0.042474
us_000599824,0.029158,0.042480
us_000597037,0.029158,0.042491
us_000567344,0.029158,0.042508
us_000593545,0.029158,0.042527
us_000559931,0.029158,0.042534
us_000619695,0.029158,0.042549
us_000619761,0.029158,0.042578
us_000493153,0.029158,0.042580
us_000566949,0.029158,0.042614
us_000615592,0.029158,0.042782
us_000546695,0.029158,0.042788
us_000560713,0.029158,0.042797
us_000614660,0.029158,0.042821
us_000615620,0.029158,0.042882
us_000619412,0.029158,0.042915
us_000567329,0.029158,0.042925
us_000582821,0.029158,0.042926
us_000569317,0.029158,0.042997
us_000558177,0.029158,0.043092
us_000596766,0.029158,0.043110
us_000567807,0.029158,0.043121
us_000569524,0.029158,0.043127
us_000597835,0.029158,0.043134
us_000588115,0.029158,0.043135
us_000566634,0.029158,0.043145
us_000600436,0.029158,0.043149
us_000598239,0.029158,0.043149
us_000614852,0.029158,0.043149
us_000619170,0.029158,0.043193
us_000604473,0.029158,0.043266
us_000619318,0.029158,0.043268
us_000560757,0.029158,0.043404
us_000534204,0.029158,0.043451
us_000492652,0.029158,0.043485
us_000598735,0.029158,0.043508
us_000500565,0.029158,0.043630
us_000567398,0.029158,0.043654
us_000587930,0.029158,0.043656
us_000559847,0.029158,0.043657
us_000512393,0.029158,0.043715
us_000544500,0.029158,0.043757
us_000592481,0.029158,0.043857
us_000529542,0.029158,0.043878
us_000582526,0.029158,0.043893
us_000490145,0.029158,0.043897
us_000589126,0.029158,0.043904
us_000620844,0.029158,0.043938
us_000620878,0.029158,0.043973
us_000533490,0.029158,0.044029
us_000560343,0.029158,0.044101
us_000556322,0.029158,0.044113
us_000560061,0.029158,0.044145
us_000615447,0.029158,0.044295
us_000599609,0.029158,0.044308
us_000560941,0.029158,0.044349
us_000533769,0.029158,0.044442
us_000494928,0.029158,0.044454
us_000568175,0.029158,0.044463
us_000571834,0.029158,0.044485
us_000534573,0.029158,0.044575
us_000533022,0.029158,0.044690
us_000569420,0.029158,0.044698
us_000499336,0.029158,0.044710
us_000600239,0.029158,0.044738
us_000511844,0.029158,0.044797
us_000579073,0.029158,0.044858
us_000568013,0.029158,0.044912
us_000577305,0.029158,0.044925
us_000577919,0.029158,0.045011
us_000579002,0.029158,0.045191
us_000566263,0.029158,0.045307
us_000578827,0.029158,0.045413
us_000620857,0.029158,0.045541
us_000541982,0.029158,0.045563
us_000577332,0.029158,0.045575
us_000532137,0.029158,0.045688
us_000584227,0.029158,0.045706
us_000596572,0.029158,0.045828
us_000554609,0.029158,0.045927
us_000521702,0.029158,0.045952
us_000612722,0.029158,0.046098
us_000620863,0.029158,0.046246
us_000560732,0.029158,0.046420
us_000593869,0.029158,0.046467
us_000566057,0.029158,0.046520
us_000590284,0.029158,0.046552
us_000584228,0.029158,0.046719
us_000582016,0.029158,0.046951
us_000517773,0.029158,0.047041
us_000587923,0.029158,0.047054
us_000581737,0.029158,0.047100
us_000620949,0.029158,0.047168
us_000506462,0.029158,0.047174
us_000621367,0.029158,0.047209
us_000614757,0.029158,0.047252
us_000532337,0.029158,0.047293
us_000506994,0.029158,0.047348
us_000476475,0.029158,0.047393
us_000549864,0.029158,0.047418
us_000565449,0.029158,0.047598
us_000598272,0.029158,0.047639
us_000585967,0.029158,0.047691
us_000582535,0.029158,0.047700
us_000047370,0.029158,0.047827
us_000592943,0.029158,0.047845
us_000616166,0.029158,0.047845
us_000614569,0.029158,0.047890
us_000543522,0.029158,0.047944
us_000534546,0.029158,0.048037
us_000582487,0.029158,0.048038
us_000583088,0.029158,0.048202
us_000572449,0.029158,0.048264
us_000511789,0.029158,0.048356
us_000559383,0.029158,0.048411
us_000482727,0.029158,0.048415
us_000517845,0.029158,0.048557
us_000573987,0.029158,0.048567
us_000555008,0.029158,0.048594
us_000554992,0.029158,0.048684
us_000593623,0.029158,0.048693
pr_000973558,0.029158,0.048724
us_000593519,0.029158,0.049009
us_000474882,0.029158,0.049025
us_000527183,0.029158,0.049095
us_000574695,0.029158,0.049124
us_000506697,0.029158,0.049137
us_000518030,0.029158,0.049140
us_000585094,0.029158,0.049179
us_000579763,0.029158,0.049252
us_000511067,0.029158,0.049313
us_000587354,0.029158,0.049331
us_000616037,0.029158,0.049441
us_000559937,0.029158,0.049582
us_000532830,0.029158,0.049595
us_000566987,0.029158,0.049609
us_000593647,0.029158,0.049622
us_000604582,0.029158,0.049641
us_000592977,0.029158,0.049657
us_000592936,0.029158,0.049750
us_000508620,0.029158,0.049756
us_000504977,0.029158,0.049764
us_000573569,0.029158,0.049790
us_000584970,0.029158,0.049837
us_000565634,0.029158,0.049849
us_000615913,0.029158,0.049897
us_000573546,0.029158,0.049910
us_000581455,0.029158,0.049930
us_000615849,0.029158,0.049959
us_000582935,0.029158,0.050030
us_000516268,0.029158,0.050045
us_000484108,0.029158,0.050171
us_000588968,0.029158,0.050184
us_000517483,0.029158,0.050221
us_000591821,0.029158,0.050250
us_000583424,0.029158,0.050259
us_000616680,0.029158,0.050266
us_000592398,0.029158,0.050282
us_000468237,0.029158,0.050304
us_000565821,0.029158,0.050335
us_000551107,0.029158,0.050341
us_000592997,0.029158,0.050364
us_000593094,0.029158,0.050640
us_000598515,0.029158,0.050724
us_000588577,0.029158,0.050746
us_000566063,0.029158,0.050754
us_000560465,0.029158,0.050791
us_000588429,0.029158,0.050870
us_000559866,0.029158,0.050887
us_000587048,0.029158,0.050907
us_000616620,0.029158,0.050979
us_000593611,0.029158,0.051007
us_000559742,0.029158,0.051059
us_000615968,0.029158,0.051110
us_000562942,0.029158,0.051137
us_000575287,0.029158,0.051187
us_000575158,0.029158,0.051387
us_000527111,0.029158,0.051477
us_000592459,0.029158,0.051500
us_000599123,0.029158,0.051505
us_000583039,0.029158,0.051537
us_000608962,0.029158,0.051559
us_000609600,0.029158,0.051571
us_000519093,0.029158,0.051573
us_000577342,0.029158,0.051574
us_000507011,0.029158,0.051601
us_000582414,0.029158,0.051622
us_000609354,0.029158,0.051656
us_000527838,0.029158,0.051674
us_000609621,0.029158,0.051680
us_000577068,0.029158,0.051690
us_000609656,0.029158,0.051692
us_000514592,0.029158,0.051730
us_000524333,0.029158,0.051745
us_000577243,0.029158,0.051772
us_000579120,0.029158,0.051814
us_000577696,0.029158,0.051859
us_000547329,0.029158,0.051873
us_000534291,0.029158,0.051931
us_000593666,0.029158,0.051966
us_000549501,0.029158,0.052031
us_000475311,0.029158,0.052105
us_000595710,0.029158,0.052171
us_000597974,0.029158,0.052172
us_000603700,0.029158,0.052227
us_000511239,0.029158,0.052228
us_000588420,0.029158,0.052344
us_000592409,0.029158,0.052348
us_000559904,0.029158,0.052393
us_000604976,0.029158,0.052407
us_000543972,0.029158,0.052414
us_000609657,0.029158,0.052433
us_000582570,0.029158,0.052434
us_000592780,0.029158,0.052628
us_000609519,0.029158,0.052677
us_000585017,0.029158,0.052749
us_000499431,0.029158,0.052757
us_000573014,0.029158,0.052912
us_000595376,0.029158,0.052913
us_000573050,0.029158,0.052926
us_000601780,0.029158,0.053100
us_000585271,0.029158,0.053201
us_000611966,0.029158,0.053288
us_000574137,0.029158,0.053340
us_000588265,0.029158,0.053462
us_000598944,0.029158,0.053477
us_000583417,0.029158,0.053480
us_000489990,0.029158,0.053564
us_000587867,0.029158,0.053901
us_000593707,0.029158,0.053999
us_000493637,0.029158,0.054007
us_000592355,0.029158,0.054046
us_000592344,0.029158,0.054124
us_000541105,0.029158,0.054155
us_000591487,0.029158,0.054229
us_000591527,0.029158,0.054246
us_000585939,0.029158,0.054254
us_000492191,0.029158,0.054312
us_000592368,0.029158,0.054314
us_000593876,0.029158,0.054329
us_000588472,0.029158,0.054332
us_000604256,0.029158,0.054338
us_000593900,0.029158,0.054389
us_000587112,0.029158,0.054410
us_000524138,0.029158,0.054462
us_000574648,0.029158,0.054473
us_000592414,0.029158,0.054593
us_000541028,0.029158,0.054717
us_000618324,0.029158,0.054770
us_000594263,0.029158,0.054885
us_000537842,0.029158,0.055003
us_000561159,0.029158,0.055018
us_000511489,0.029158,0.055040
us_000592378,0.029158,0.055049
us_000611343,0.029158,0.055051
us_000604269,0.029158,0.055110
us_000611186,0.029158,0.055163
us_000523011,0.029158,0.055206
us_000575109,0.029158,0.055241
us_000566447,0.029158,0.055252
us_000572975,0.029158,0.055473
us_000572823,0.029158,0.055505
us_000590253,0.029158,0.055514
us_000622999,0.029158,0.055551
us_000563025,0.029158,0.055623
us_000597727,0.029158,0.055643
us_000594489,0.029158,0.055673
us_000569590,0.029158,0.055699
us_000537706,0.029158,0.055704
us_000566597,0.029158,0.055806
us_000616639,0.029158,0.055826
us_000511123,0.029158,0.055875
us_000533484,0.029158,0.055891
us_000573069,0.029158,0.055939
us_000566779,0.029158,0.056100
us_000590369,0.029158,0.056104
us_000618584,0.029158,0.056203
us_000585947,0.029158,0.056211
us_000491757,0.029158,0.056309
us_000614495,0.029158,0.056604
us_000591264,0.029158,0.056645
us_000547194,0.029158,0.056703
us_000495957,0.029158,0.056735
us_000586534,0.029158,0.056825
us_000547295,0.029158,0.056844
us_000615942,0.029158,0.056874
us_000616663,0.029158,0.056957
us_000619337,0.029158,0.056978
us_000582860,0.029158,0.057053
us_000590398,0.029158,0.057170
us_000583960,0.029158,0.057200
us_000594261,0.029158,0.057403
us_000559279,0.029158,0.057500
us_000587118,0.029158,0.057524
us_000589125,0.029158,0.057540
us_000537745,0.029158,0.057544
us_000598598,0.029158,0.057652
us_000591875,0.029158,0.057681
us_000588944,0.029158,0.057832
us_000544535,0.029158,0.057840
us_000595114,0.029158,0.058171
us_000590928,0.029158,0.058257
us_000491290,0.029158,0.058279
us_000545326,0.029158,0.058397
us_000619069,0.029158,0.058462
us_000522280,0.029158,0.058495
us_000618463,0.029158,0.058534
us_000522329,0.029158,0.058592
us_000588286,0.029158,0.058673
us_000589119,0.029158,0.058684
us_000617726,0.029158,0.058715
us_000585935,0.029158,0.058790
us_000617305,0.029158,0.058814
us_000556480,0.029158,0.058841
us_000573085,0.029158,0.058906
us_000537899,0.029158,0.059011
us_000592411,0.029158,0.059306
us_000582987,0.029158,0.059452
us_000617147,0.029158,0.059511
us_000594100,0.029158,0.059522
us_000594123,0.029158,0.059539
us_000594049,0.029158,0.059795
us_000618857,0.029158,0.059844
us_000485516,0.029158,0.059892
us_000618325,0.029158,0.059908
us_000527253,0.029158,0.059936
us_000575294,0.029158,0.060009
us_000490928,0.029158,0.060014
us_000552648,0.029158,0.060247
us_000615910,0.029158,0.060320
us_000618843,0.029158,0.060340
us_000590283,0.029158,0.060360
us_000587988,0.029158,0.060622
us_000584380,0.029158,0.060929
us_000593842,0.029158,0.061005
us_000486970,0.029158,0.061155
us_000599214,0.029158,0.061162
us_000618081,0.029158,0.061308
us_000593881,0.029158,0.061415
us_000618931,0.029158,0.061498
us_000536764,0.029158,0.061518
us_000583957,0.029158,0.061604
us_000511428,0.029158,0.061629
us_000570480,0.029158,0.061689
us_000537055,0.029158,0.061704
us_000609653,0.029158,0.061731
us_000511781,0.029158,0.061824
us_000472465,0.029158,0.061903
us_000610816,0.029158,0.062140
us_000558147,0.029158,0.062210
us_000551404,0.029158,0.062448
us_000566107,0.029158,0.062466
us_000569331,0.029158,0.062466
us_000592731,0.029158,0.062597
us_000609505,0.029158,0.062609
us_000591168,0.029158,0.062630
us_000588921,0.029158,0.062773
us_000587937,0.029158,0.062809
us_000475056,0.029158,0.062823
us_000499907,0.029158,0.062891
us_000498213,0.029158,0.063004
us_000505012,0.029158,0.063149
us_000589285,0.029158,0.063222
us_000553757,0.029158,0.063234
us_000609666,0.029158,0.063243
us_000594642,0.029158,0.063280
us_000480814,0.029158,0.063412
us_000586707,0.029158,0.063458
us_000610307,0.029158,0.063485
us_000492127,0.029158,0.063696
us_000589132,0.029158,0.063905
us_000578144,0.029158,0.063924
us_000515872,0.029158,0.063988
us_000527416,0.029158,0.064133
us_000572765,0.029158,0.064137
us_000543269,0.029158,0.064394
us_000596630,0.029158,0.064482
us_000584157,0.029158,0.064499
us_000578738,0.029158,0.064581
us_000578782,0.029158,0.064647
us_000613442,0.029158,0.064658
us_000589176,0.029158,0.064693
us_000537756,0.029158,0.064693
us_000570616,0.029158,0.064751
us_000593624,0.029158,0.064751
us_000570895,0.029158,0.064765
us_000588314,0.029158,0.065101
us_000565451,0.029158,0.065182
us_000593798,0.029158,0.065594
us_000588494,0.029158,0.065615
us_000605319,0.029158,0.065667
us_000592281,0.029158,0.065717
us_000546660,0.029158,0.065767
us_000544492,0.029158,0.066062
us_000588504,0.029158,0.066108
us_000588403,0.029158,0.066244
us_000577858,0.029158,0.066324
us_000486035,0.029158,0.066390
us_000558305,0.029158,0.066485
us_000605119,0.029158,0.066599
us_000589648,0.029158,0.066695
us_000621265,0.029158,0.066830
us_000598847,0.029158,0.066989
us_000610063,0.029158,0.067000
us_000592314,0.029158,0.067103
us_000538764,0.029158,0.067468
us_000482128,0.029158,0.067472
us_000576533,0.029158,0.067991
us_000621822,0.029158,0.068296
us_000533267,0.029158,0.068503
us_000522696,0.029158,0.068643
us_000567577,0.029158,0.068849
us_000536730,0.029158,0.069081
us_000590266,0.029158,0.069090
us_000598134,0.029158,0.069093
us_000572452,0.029158,0.069102
us_000567689,0.029158,0.069217
us_000511772,0.029158,0.069263
us_000522285,0.029158,0.069326
us_000522401,0.029158,0.069543
us_000595563,0.029158,0.069553
us_000507076,0.029158,0.069696
us_000474598,0.029158,0.070122
us_000567197,0.029158,0.070357
us_000589293,0.029158,0.070575
us_000572568,0.029158,0.070587
us_000560145,0.029158,0.071046
us_000586993,0.029158,0.071350
us_000596617,0.029158,0.071362
us_000598784,0.029158,0.071463
us_000497886,0.029158,0.071608
us_000572118,0.029158,0.071710
us_000483828,0.029158,0.072100
us_000616442,0.029158,0.072172
us_000575204,0.029158,0.072184
us_000496642,0.029158,0.072195
us_000582940,0.029158,0.072240
us_000559593,0.029158,0.072428
us_000563137,0.029158,0.073134
us_000587049,0.029158,0.073196
us_000596763,0.029158,0.073282
us_000543083,0.029158,0.073290
us_000611014,0.029158,0.073493
us_000567443,0.029158,0.073556
us_000612114,0.029158,0.073725
us_000529620,0.029158,0.074511
us_000574891,0.029158,0.074524
us_000555886,0.029158,0.074898
us_000572004,0.029158,0.074991
us_000618588,0.029158,0.075061
us_000600021,0.029158,0.075063
us_000582296,0.029158,0.075096
us_000489584,0.029158,0.075110
us_000492092,0.029158,0.075255
us_000594098,0.029158,0.075399
us_000592416,0.029158,0.075521
us_000507230,0.029158,0.075716
us_000534966,0.029158,0.075727
us_000488692,0.029158,0.075830
us_000505575,0.029158,0.076116
us_000513993,0.029158,0.076275
us_000597240,0.029158,0.076359
us_000596568,0.029158,0.076453
us_000615421,0.029158,0.076626
us_000575874,0.029158,0.076738
us_000575255,0.029158,0.077133
us_000585427,0.029158,0.077189
us_000592361,0.029158,0.077275
us_000587526,0.029158,0.077383
us_000592456,0.029158,0.078138
us_000612580,0.029158,0.078222
us_000598766,0.029158,0.078572
us_000598142,0.029158,0.078596
us_000622878,0.029158,0.078711
us_000622518,0.029158,0.078909
us_000587865,0.029158,0.079185
us_000622439,0.029158,0.079323
us_000543344,0.029158,0.080147
us_000576113,0.029158,0.080269
us_000507332,0.029158,0.081099
us_000583157,0.029158,0.081252
us_000538399,0.029158,0.081648
us_000567457,0.029158,0.081775
us_000560049,0.029158,0.082516
us_000613615,0.029158,0.082858
us_000578698,0.029158,0.083397
us_000541897,0.029158,0.083401
us_000574848,0.029158,0.084284
us_000565346,0.029158,0.084540
us_000559340,0.029158,0.084570
us_000584338,0.029158,0.085102
us_000607175,0.029158,0.085235
us_000567997,0.029158,0.085246
us_000599235,0.029158,0.085327
us_000593662,0.029158,0.085518
us_000579148,0.029158,0.085960
us_000599770,0.029158,0.085977
us_000565271,0.029158,0.086367
us_000585442,0.029158,0.087533
us_000599318,0.029158,0.087657
us_000598736,0.029158,0.088271
us_000599280,0.029158,0.088384
us_000593600,0.029158,0.088466
us_000568139,0.029158,0.088501
us_000523521,0.029158,0.088919
us_000544357,0.029158,0.088971
us_000587889,0.029158,0.089059
us_000492710,0.029158,0.089620
us_000613192,0.029158,0.090071
us_000579417,0.029158,0.090079
us_000560333,0.029158,0.090116
us_000602935,0.029158,0.090967
us_000590142,0.029158,0.091084
us_000598137,0.029158,0.091776
us_000614456,0.029158,0.091840
us_000507215,0.029158,0.092369
us_000599305,0.029158,0.092647
us_000593465,0.029158,0.093084
us_000608952,0.029158,0.093111
us_000503820,0.029158,0.093140
us_000599271,0.029158,0.093149
us_000613408,0.029158,0.093437
us_000584588,0.029158,0.093807
us_000558348,0.029158,0.094191
us_000618108,0.029158,0.094923
us_000610050,0.029158,0.095011
us_000609459,0.029158,0.095168
us_000599301,0.029158,0.095380
us_000592193,0.029158,0.095476
us_000599300,0.029158,0.096231
us_000571837,0.029158,0.096611
us_000521382,0.029158,0.096856
us_000614461,0.029158,0.097076
us_000592435,0.029158,0.098401
us_000592115,0.029158,0.098721
us_000573258,0.029158,0.099689
us_000547696,0.029158,0.099785
us_000583429,0.029158,0.100611
us_000516355,0.029158,0.101666
us_000614043,0.029158,0.102938
us_000496204,0.029158,0.104629
us_000614518,0.029158,0.104731
us_000618626,0.029158,0.105301
pr_001105915,0.029158,0.105475
us_000613896,0.029158,0.106277
us_000594648,0.029158,0.106401
us_000559243,0.029158,0.106402
us_000522254,0.029158,0.108222
us_000492355,0.029158,0.109262
us_000579201,0.029158,0.109918
us_000529581,0.029158,0.110595
us_000583569,0.029158,0.110616
us_000548179,0.029158,0.111623
us_000523603,0.029158,0.112251
us_000594412,0.029158,0.112310
us_000477847,0.029158,0.112411
us_000619739,0.029158,0.113005
us_000592704,0.029158,0.113172
us_000596989,0.029158,0.113347
us_000613596,0.029158,0.113525
us_000586896,0.029158,0.114934
us_000592365,0.029158,0.115171
us_000588899,0.029158,0.117361
us_000611342,0.029158,0.120197
us_000589178,0.029158,0.124023
us_000534929,0.029158,0.126288
us_000295949,0.029158,0.127334
us_000588673,0.029158,0.130297
us_000588766,0.029158,0.131412
us_000621365,0.029158,0.135099
us_000585627,0.029158,0.135193
us_000620413,0.029158,0.137999
us_000587861,0.029158,0.138474
us_000546259,0.029158,0.138940
us_000614728,0.029158,0.141072
us_000575716,0.029158,0.141861
us_000517763,0.029158,0.142694
us_000475936,0.029158,0.143152
us_000534941,0.029158,0.143951
us_000548632,0.029158,0.144761
us_000475800,0.029158,0.144889
us_000474791,0.029158,0.144954
us_000563401,0.029158,0.146169
us_000599130,0.029158,0.146796
pr_001711280,0.029158,0.148163
us_000409902,0.029158,0.148361
us_000596255,0.029158,0.148786
us_000555751,0.029158,0.148872
us_000486629,0.029158,0.149227
us_000488651,0.029158,0.149326
us_000605293,0.029158,0.149823
us_000547385,0.029158,0.150174
us_000517838,0.029158,0.150693
us_000567795,0.029158,0.150734
us_000597936,0.029158,0.151375
us_000506831,0.029158,0.152051
us_000471572,0.029158,0.152104
us_000543652,0.029158,0.152645
us_000490356,0.029158,0.152731
us_000615201,0.029158,0.152738
us_000585117,0.029158,0.153017
us_000546324,0.029158,0.153515
us_000547355,0.029158,0.153594
us_000525441,0.029158,0.153623
us_000554133,0.029158,0.153670
us_000544119,0.029158,0.154010
us_000609717,0.029158,0.154894
us_000538294,0.029158,0.155056
us_000560408,0.029158,0.155065
us_000508060,0.029158,0.155381
us_000490039,0.029158,0.155857
us_000549078,0.029158,0.156817
us_000481578,0.029158,0.156887
us_000542645,0.029158,0.157171
us_000480039,0.029158,0.157628
us_000490449,0.029158,0.157846
us_000511586,0.029158,0.157919
us_000586172,0.029158,0.158158
us_000560989,0.029158,0.158414
us_000558863,0.029158,0.158699
us_000532285,0.029158,0.159577
us_000548286,0.029158,0.159798
us_000566095,0.029158,0.159876
us_000525909,0.029158,0.160509
us_000520825,0.029158,0.160520
us_000514742,0.029158,0.160647
us_000518776,0.029158,0.160718
us_000515013,0.029158,0.160895
us_000519081,0.029158,0.162332
us_000509156,0.029158,0.162535
us_000612184,0.029158,0.162800
us_000566102,0.029158,0.163318
us_000566138,0.029158,0.163338
us_000586185,0.029158,0.163504
us_000528206,0.029158,0.163803
us_000508270,0.029158,0.164350
us_000482459,0.029158,0.164368
us_000558545,0.029158,0.164375
us_000544068,0.029158,0.164527
us_000589288,0.029158,0.164546
us_000547840,0.029158,0.165066
us_000543742,0.029158,0.166108
us_000573518,0.029158,0.166248
us_000544157,0.029158,0.166920
us_000589485,0.029158,0.167413
us_000511939,0.029158,0.168118
us_000517573,0.029158,0.168985
us_000596285,0.029158,0.168999
us_000598889,0.029158,0.169220
us_000501513,0.029158,0.169265
us_000598732,0.029158,0.169457
us_000567707,0.029158,0.169520
us_000491213,0.029158,0.169630
us_000493587,0.029158,0.169895
us_000518513,0.029158,0.170107
us_000501227,0.029158,0.170248
us_000592009,0.029158,0.170931
us_000592221,0.029158,0.171148
us_000557874,0.029158,0.171471
us_000585736,0.029158,0.171518
us_000509198,0.029158,0.171550
us_000585663,0.029158,0.171584
us_000586199,0.029158,0.171745
us_000583164,0.029158,0.171903
us_000573787,0.029158,0.172175
us_000510524,0.029158,0.172214
us_000586161,0.029158,0.172290
us_000564623,0.029158,0.172531
us_000558346,0.029158,0.173186
us_000516082,0.029158,0.173264
us_000499337,0.029158,0.173413
us_000593526,0.029158,0.173471
us_000480473,0.029158,0.173882
us_000584035,0.029158,0.174159
us_000615556,0.029158,0.174626
us_000573997,0.029158,0.174743
us_000583704,0.029158,0.174949
us_000620983,0.029158,0.175040
us_000536482,0.029158,0.175079
us_000579359,0.029158,0.175167
us_000594160,0.029158,0.175345
us_000524534,0.029158,0.175391
us_000583159,0.029158,0.175475
us_000567903,0.029158,0.175984
us_000496518,0.029158,0.176977
us_000559137,0.029158,0.177001
us_000592465,0.029158,0.177100
us_000528209,0.029158,0.177361
us_000589459,0.029158,0.177544
us_000594234,0.029158,0.177820
us_000562730,0.029158,0.179087
us_000507940,0.029158,0.179176
us_000312908,0.029158,0.179618
us_000516202,0.029158,0.179686
us_000569220,0.029158,0.179767
us_000546376,0.029158,0.179947
us_000529538,0.029158,0.179991
us_000520956,0.029158,0.180029
us_000579445,0.029158,0.180119
us_000534194,0.029158,0.180809
us_000617771,0.029158,0.181045
us_000574015,0.029158,0.181195
us_000541012,0.029158,0.181248
us_000572498,0.029158,0.181666
us_000505338,0.029158,0.182939
us_000574757,0.029158,0.182997
us_000558866,0.029158,0.183124
us_000586014,0.029158,0.183137
us_000589741,0.029158,0.183345
us_000588620,0.029158,0.183394
us_000570604,0.029158,0.183431
us_000591529,0.029158,0.184831
us_000583067,0.029158,0.185168
us_000583261,0.029158,0.185193
us_000592974,0.029158,0.185195
us_000579505,0.029158,0.185464
us_000511813,0.029158,0.185798
us_000527165,0.029158,0.187028
us_000525929,0.029158,0.187373
us_000612159,0.029158,0.187420
us_000564581,0.029158,0.187665
us_000498161,0.029158,0.187968
us_000592931,0.029158,0.187998
us_000543911,0.029158,0.188561
us_000575924,0.029158,0.189323
pr_001639929,0.029158,0.189821
us_000592979,0.029158,0.190543
us_000592813,0.029158,0.190711
us_000588583,0.029158,0.190983
us_000571833,0.029158,0.191069
us_000592799,0.029158,0.191167
us_000604158,0.029158,0.191986
us_000606307,0.029158,0.192733
us_000572474,0.029158,0.192970
us_000596006,0.029158,0.193079
us_000559730,0.029158,0.193204
us_000499662,0.029158,0.193744
us_000511534,0.029158,0.193885
us_000573093,0.029158,0.193978
us_000545468,0.029158,0.194006
us_000599211,0.029158,0.194236
us_000583421,0.029158,0.194587
us_000575118,0.029158,0.194711
us_000585805,0.029158,0.195704
us_000484149,0.029158,0.196673
us_000578246,0.029158,0.196923
us_000599017,0.029158,0.196928
us_000593163,0.029158,0.196959
us_000519144,0.029158,0.197152
us_000616590,0.029158,0.197696
us_000608780,0.029158,0.197750
us_000565264,0.029158,0.198796
us_000615670,0.029158,0.199321
us_000613414,0.029158,0.199437
us_000597524,0.029158,0.199637
us_000605409,0.029158,0.199810
us_000583785,0.029158,0.200029
us_000594144,0.029158,0.200304
us_000474020,0.029158,0.200404
us_000598912,0.029158,0.200634
us_000511743,0.029158,0.200753
us_000597480,0.029158,0.200992
us_000565269,0.029158,0.201121
us_000616774,0.029158,0.201613
us_000583691,0.029158,0.201823
us_000591706,0.029158,0.201944
us_000596794,0.029158,0.202069
us_000597121,0.029158,0.202078
us_000615388,0.029158,0.202187
us_000583599,0.029158,0.202697
us_000617003,0.029158,0.203368
us_000613494,0.029158,0.203687
us_000601867,0.029158,0.203798
us_000599855,0.029158,0.203906
us_000580388,0.029158,0.204286
us_000588401,0.029158,0.204586
us_000592935,0.029158,0.205448
us_000601442,0.029158,0.206208
us_000614003,0.029158,0.206253
us_000526238,0.029158,0.207117
us_000595225,0.029158,0.207471
us_000519103,0.029158,0.207867
us_000489527,0.029158,0.208011
us_000483052,0.029158,0.208683
us_000516102,0.029158,0.209046
us_000520530,0.029158,0.209201
pr_002065456,0.029158,0.209329
us_000586298,0.029158,0.210441
us_000558861,0.029158,0.210662
us_000584556,0.029158,0.212231
us_000587859,0.029158,0.213536
us_000596405,0.029158,0.213669
us_000594415,0.029158,0.214413
us_000583409,0.029158,0.214850
us_000615955,0.029158,0.215353
us_000605934,0.029158,0.215842
us_000517304,0.029158,0.216300
us_000575909,0.029158,0.216906
us_000581076,0.029158,0.218231
us_000487522,0.029158,0.219415
us_000599006,0.029158,0.219433
us_000562702,0.029158,0.220441
us_000596273,0.029158,0.220750
us_000518069,0.029158,0.220882
us_000567920,0.029158,0.220926
us_000506051,0.029158,0.221163
us_000532994,0.029158,0.222619
us_000488685,0.029158,0.222631
us_000611312,0.029158,0.223055
us_000564990,0.029158,0.225787
us_000589322,0.029158,0.225857
us_000591544,0.029158,0.225891
us_000593903,0.029158,0.225953
us_000579098,0.029158,0.226823
us_000579021,0.029158,0.226965
us_000572200,0.029158,0.227288
us_000604641,0.029158,0.227915
us_000588385,0.029158,0.228204
us_000594116,0.029158,0.229041
us_000559303,0.029158,0.230061
us_000480789,0.029158,0.231787
us_000600848,0.029158,0.232328
us_000616605,0.029158,0.232865
us_000610351,0.029158,0.234179
us_000544089,0.029158,0.234250
us_000591183,0.029158,0.235259
us_000594473,0.029158,0.235450
us_000473985,0.029158,0.235599
us_000497787,0.029158,0.237451
us_000588293,0.029158,0.239499
us_000583400,0.029158,0.239888
us_000523581,0.029158,0.240095
us_000542007,0.029158,0.240578
us_000587949,0.029158,0.241404
us_000599608,0.029158,0.241512
us_000591502,0.029158,0.241780
us_000567044,0.029158,0.242943
us_000541261,0.029158,0.243492
us_000527388,0.029158,0.243634
us_000506992,0.029158,0.243997
us_000605145,0.029158,0.245732
us_000508989,0.029158,0.246098
us_000035629,0.029158,0.246472
us_000565309,0.029158,0.247846
us_000608841,0.029158,0.248248
us_000576063,0.029158,0.248616
us_000565488,0.029158,0.248696
us_000558877,0.029158,0.249050
us_000596224,0.029158,0.249717
us_000534244,0.029158,0.249879
us_000593841,0.029158,0.250195
us_000599648,0.029158,0.250730
us_000555013,0.029158,0.251232
us_000577336,0.029158,0.251582
us_000598539,0.029158,0.253025
us_000587654,0.029158,0.254352
us_000565211,0.029158,0.255043
us_000615510,0.029158,0.255742
us_000476080,0.029158,0.256873
us_000606178,0.029158,0.258952
us_000518452,0.029158,0.259956
us_000608677,0.029158,0.260379
us_000497782,0.029158,0.260446
us_000598897,0.029158,0.261258
us_000608884,0.029158,0.261477
us_000581812,0.029158,0.262121
us_000575944,0.029158,0.262415
us_000608653,0.029158,0.262921
us_000598848,0.029158,0.262998
us_000611896,0.029158,0.263723
us_000545207,0.029158,0.264577
us_000584358,0.029158,0.266725
us_000591025,0.029158,0.267113
us_000584636,0.029158,0.268440
us_000471100,0.029158,0.268630
us_000593621,0.029158,0.268908
us_000594203,0.029158,0.270252
us_000514912,0.029158,0.270863
us_000576624,0.029158,0.271629
us_000587177,0.029158,0.271943
us_000534674,0.029158,0.272029
us_000577032,0.029158,0.272992
us_000592716,0.029158,0.273413
us_000607969,0.029158,0.273887
us_000591635,0.029158,0.275635
us_000544027,0.029158,0.276141
us_000589116,0.029158,0.277899
us_000559382,0.029158,0.278116
us_000611246,0.029158,0.280609
us_000592349,0.029158,0.281083
us_000565764,0.029158,0.281857
us_000537299,0.029158,0.281982
us_000591550,0.029158,0.282346
us_000594228,0.029158,0.282534
us_000608910,0.029158,0.282916
us_000511987,0.029158,0.283025
us_000610011,0.029158,0.283549
us_000589242,0.029158,0.287506
us_000567886,0.029158,0.287824
us_000123506,0.029158,0.288278
us_000082028,0.029158,0.288609
us_000598690,0.029158,0.288796
us_000592123,0.029158,0.288960
us_000586418,0.029158,0.290898
us_000569903,0.029158,0.290976
us_000488677,0.029158,0.291313
us_000491448,0.029158,0.291987
us_000485265,0.029158,0.292813
us_000574923,0.029158,0.293625
us_000590804,0.029158,0.294062
us_000597957,0.029158,0.294166
us_000591625,0.029158,0.294747
us_000480712,0.029158,0.295639
us_000557743,0.029158,0.297135
us_000591556,0.029158,0.297178
us_000590499,0.029158,0.297738
us_000515704,0.029158,0.299953
us_000551146,0.029158,0.301422
us_000521427,0.029158,0.302401
us_000504527,0.029158,0.302761
us_000615184,0.029158,0.303592
us_000514184,0.029158,0.305804
us_000589988,0.029158,0.307110
us_000516270,0.029158,0.310290
us_000560033,0.029158,0.310352
us_000493640,0.029158,0.310864
us_000598746,0.029158,0.312205
us_000584384,0.029158,0.313199
us_000586899,0.029158,0.315545
us_000614892,0.029158,0.317724
us_000524211,0.029158,0.317897
us_000587872,0.029158,0.318029
us_000526524,0.029158,0.327157
us_000578951,0.029158,0.327724
us_000598890,0.029158,0.329423
us_000583696,0.029158,0.331107
us_000586762,0.029158,0.331723
us_000578158,0.029158,0.333228
us_000492690,0.029158,0.333812
us_000587432,0.029158,0.334805
us_000511941,0.029158,0.336883
us_000469379,0.029158,0.341198
us_000598864,0.029158,0.343719
us_000546204,0.029158,0.343867
us_000592373,0.029158,0.346904
us_000561337,0.029158,0.358598
us_000574385,0.029158,0.359270
us_000574610,0.029158,0.365109
us_000598876,0.029158,0.365192
us_000542622,0.029158,0.368914
us_000600906,0.029158,0.369564
us_000492559,0.029158,0.371557
us_000506394,0.029158,0.371625
us_000591569,0.029158,0.373586
us_000591512,0.029158,0.373903
us_000577816,0.029158,0.376471
us_000593406,0.029158,0.377196
us_000576675,0.029158,0.377633
us_000602185,0.029158,0.377865
us_000565374,0.029158,0.378020
us_000558454,0.029158,0.380586
us_000595767,0.029158,0.383225
us_000601977,0.029158,0.385902
us_000593615,0.029158,0.386114
us_000599327,0.029158,0.388820
us_000536682,0.029158,0.390498
us_000592825,0.029158,0.391725
us_000573039,0.029158,0.395187
us_000558230,0.029158,0.397599
us_000547452,0.029158,0.403345
us_000589581,0.029158,0.403898
us_000591721,0.029158,0.412138
us_000593281,0.029158,0.413712
us_000600649,0.029158,0.414222
us_000568206,0.029158,0.415016
us_000469988,0.029158,0.415931
us_000583729,0.029158,0.417622
us_000569615,0.029158,0.421412
us_000606588,0.029158,0.428162
us_000600584,0.029158,0.428331
us_000621525,0.029158,0.428778
us_000575334,0.029158,0.430250
us_000572501,0.029158,0.434169
us_000597099,0.029158,0.439759
us_000487306,0.029158,0.442358
us_000599113,0.029158,0.446626
us_000584678,0.029158,0.458424
us_000521557,0.029158,0.468217
us_000617560,0.029158,0.468858
us_000611333,0.029158,0.473582
us_000593459,0.029158,0.479745
us_000583215,0.029158,0.480879
us_000496007,0.029158,0.485111
us_000592214,0.029158,0.491312
us_000597332,0.029158,0.493232
us_000595286,0.029158,0.504173
us_000560695,0.029158,0.508144
us_000610479,0.029158,0.512266
us_000594128,0.029158,0.515638
us_000575782,0.029158,0.519109
us_000598106,0.029158,0.524212
us_000602275,0.029158,0.525815
us_000579075,0.029158,0.530479
us_000584024,0.029158,0.531947
us_000584876,0.029158,0.532244
us_000573250,0.029158,0.535015
us_000584555,0.029158,0.535338
us_000597815,0.029158,0.538482
us_000604083,0.029158,0.541114
us_000618491,0.029158,0.542602
us_000559335,0.029158,0.555445
us_000597973,0.029158,0.555676
us_000595120,0.029158,0.556547
us_000589928,0.029158,0.571872
us_000600250,0.029158,0.598167
us_000583172,0.029158,0.600884
us_000593846,0.029158,0.603643
us_000603259,0.029158,0.607101
us_000589295,0.029158,0.615429
us_000620843,0.029158,0.620247
us_000491188,0.029158,0.633101
us_000602248,0.029158,0.638172
us_000574599,0.029158,0.639211
us_000578792,0.029158,0.654808
us_000580629,0.029158,0.661962
us_000575493,0.029158,0.713151
us_000551490,0.029158,0.722684
us_000592593,0.029158,0.733137
us_000485966,0.029158,0.749357
us_000591217,0.029158,0.773893
us_000544540,0.029158,0.779758
us_000582749,0.029158,0.787488
us_000605673,0.029158,0.803892
us_000588121,0.029158,0.824522
us_000592396,0.029158,0.825501
us_000595817,0.029158,0.836951
us_000620260,0.029158,0.846640
us_000409549,0.029158,0.847411
us_000600718,0.029158,0.875784
us_000615804,0.029158,0.996377
us_000619673,0.029158,1.005600
us_000598104,0.029158,1.020453
us_000538392,0.029158,1.049543
us_000602620,0.029158,1.102052
us_000622489,0.029158,1.134515
us_000599273,0.029158,1.176879
us_000534608,0.029158,1.256796
us_000599249,0.029158,1.274011
us_000589881,0.029158,1.546347
us_000491755,0.029158,1.586541
us_000570685,0.029158,2.044931
us_000555579,0.019135,0.000000
pr_001091203,0.019135,0.000000
pr_001090970,0.019135,0.000000
pr_001090634,0.019135,0.000000
pr_001090858,0.019135,0.000000
us_000512384,0.019135,0.000000
pr_001737569,0.019135,0.000000
pr_001117593,0.019135,0.000000
pr_001021791,0.019135,0.000000
pr_001061060,0.019135,0.000000
pr_001121213,0.019135,0.000000
pr_001962685,0.019135,0.000000
pr_000589017,0.019135,0.000001
pr_002180965,0.019135,0.000007
us_000488438,0.019135,0.000007
pr_000499467,0.019135,0.000009
us_000486097,0.019135,0.000010
pr_001004046,0.019135,0.000024
us_000574767,0.019135,0.000061
us_000587936,0.019135,0.000106
us_000541513,0.019135,0.000108
us_000589232,0.019135,0.000120
pr_000596700,0.019135,0.000120
us_000589250,0.019135,0.000120
pr_000981324,0.019135,0.000183
us_000619211,0.019135,0.000267
us_000574941,0.019135,0.000267
us_000619689,0.019135,0.000350
us_000619713,0.019135,0.000352
us_000572863,0.019135,0.000443
us_000599808,0.019135,0.000542
us_000606808,0.019135,0.000635
us_000473010,0.019135,0.000824
us_000365185,0.019135,0.001977
us_000619762,0.019135,0.003286
us_000611123,0.019135,0.003309
us_000499051,0.019135,0.003656
us_000581764,0.019135,0.003840
us_000522278,0.019135,0.004227
us_000575205,0.019135,0.004372
us_000538716,0.019135,0.004962
us_000545612,0.019135,0.007324
us_000593694,0.019135,0.008303
us_000544057,0.019135,0.009365
us_000597829,0.019135,0.010128
us_000506135,0.019135,0.025086
us_000619469,0.019135,0.040671
us_000519966,0.019135,0.191762
pr_000241159,0.015646,0.000000
pr_000593354,0.015646,0.000000
pr_000651371,0.015646,0.000000
pr_000693126,0.015646,0.000000
us_000488225,0.015646,0.000000
us_000566459,0.015646,0.000014
pr_000197228,0.015646,0.000022
pr_000948885,0.015646,0.000026
us_000544557,0.015646,0.000041
us_000489846,0.015646,0.000081
us_000592413,0.015646,0.000124
us_000592719,0.015646,0.000411
us_000618927,0.015646,0.004991
us_000565929,0.015646,0.053947
us_000073478,0.015646,0.074023
us_000009448,0.015646,0.074903
us_000566933,0.015646,0.077862
us_000598855,0.015646,0.080590
us_000535931,0.015646,0.082460
us_000586649,0.015646,0.084599
us_000571749,0.015646,0.086237
us_000593462,0.015646,0.090151
us_000586801,0.015646,0.090577
us_000576422,0.015646,0.091534
us_000608080,0.015646,0.092282
us_000498772,0.015646,0.098165
us_000518467,0.015646,0.100459
us_000499545,0.015646,0.100495
us_000568299,0.015646,0.108703
us_000499941,0.015646,0.116682
us_000523775,0.015646,0.117169
us_000483131,0.015646,0.118396
us_000566923,0.015646,0.120046
us_000594333,0.015646,0.120566
us_000566918,0.015646,0.120908
us_000507445,0.015646,0.122961
us_000619407,0.015646,0.124189
us_000568854,0.015646,0.126049
us_000486501,0.015646,0.126054
us_000580703,0.015646,0.127931
us_000524863,0.015646,0.128754
us_000583697,0.015646,0.129175
us_000566916,0.015646,0.129178
us_000398169,0.015646,0.129811
us_000617481,0.015646,0.129904
us_000595496,0.015646,0.130221
us_000598313,0.015646,0.130482
us_000617059,0.015646,0.130785
us_000607205,0.015646,0.131409
us_000587691,0.015646,0.131588
us_000614561,0.015646,0.131611
us_000619148,0.015646,0.132731
us_000535084,0.015646,0.132881
us_000612053,0.015646,0.132915
us_000568768,0.015646,0.132973
us_000580649,0.015646,0.133947
us_000619111,0.015646,0.134063
us_000535267,0.015646,0.134750
us_000618315,0.015646,0.135201
us_000617442,0.015646,0.135653
us_000619351,0.015646,0.136034
us_000582598,0.015646,0.136162
us_000600421,0.015646,0.136515
us_000524560,0.015646,0.137035
us_000583609,0.015646,0.137210
us_000619103,0.015646,0.138659
us_000619216,0.015646,0.139131
us_000607219,0.015646,0.143453
us_000499077,0.015646,0.143455
us_000612052,0.015646,0.144670
us_000620074,0.015646,0.146651
us_000622657,0.015646,0.147562
us_000499501,0.015646,0.149540
us_000615777,0.015646,0.150385
us_000535080,0.015646,0.151356
us_000607929,0.015646,0.154681
us_000608106,0.015646,0.155774
us_000535081,0.015646,0.156084
us_000503533,0.015646,0.158120
us_000611036,0.015646,0.159654
us_000582812,0.015646,0.159769
us_000621704,0.015646,0.160233
us_000611205,0.015646,0.166776
us_000606637,0.015646,0.171860
us_000607952,0.015646,0.173637
us_000606204,0.015646,0.176775
us_000544838,0.015646,0.178819
us_000596459,0.015646,0.180348
us_000605410,0.015646,0.181645
us_000598050,0.015646,0.182193
us_000582809,0.015646,0.195214
us_000609066,0.015646,0.268569
us_000611814,0.015646,0.276257
us_000488297,0.015646,0.300183
us_000600468,0.015646,0.385032
us_000524246,0.014775,0.000000
us_000503589,0.014775,0.000001
us_000540552,0.014775,0.000017
us_000573703,0.014775,0.000024
us_000575148,0.014775,0.000029
us_000573057,0.014775,0.000039
pr_001076184,0.014775,0.000048
us_000583303,0.014775,0.000098
us_000585955,0.014775,0.000438
us_000546684,0.014775,0.006830
us_000574999,0.014775,0.033294
us_000482079,0.014775,0.054415
us_000531982,0.014775,0.070987
us_000468130,0.014775,0.137223
us_000612119,0.014775,0.173010
us_000555646,0.014775,0.198099
us_000590258,0.014775,0.331637
us_000491095,0.011899,0.000000
us_000522026,0.011899,0.000000
pr_001950287,0.011899,0.000000
pr_001957753,0.011899,0.000000
pr_000884845,0.011899,0.000000
pr_001609701,0.011899,0.000000
pr_001088901,0.011899,0.000000
us_000565815,0.011899,0.000000
pr_002119413,0.011899,0.000000
pr_000201572,0.011899,0.000001
pr_000978707,0.011899,0.000002
us_000545146,0.011899,0.000002
pr_000748284,0.011899,0.000003
pr_001650355,0.011899,0.000004
us_000591508,0.011899,0.000047
us_000525701,0.011899,0.000062
pr_001770088,0.011899,0.000077
pr_000998103,0.011899,0.000237
us_000612628,0.011899,0.001411
us_000618550,0.011899,0.002938
us_000496215,0.011899,0.003889
us_000619770,0.011899,0.028349
us_000563447,0.011899,0.031877
us_000622603,0.011899,0.264212
us_000577530,0.011899,0.348741
us_000622455,0.011899,0.388829
pr_001055874,0.003150,0.000000
pr_001938426,0.003150,0.000000
pr_001087755,0.003150,0.000000
pr_000342362,0.003150,0.000000
us_000461758,0.003150,0.000000
pr_001027290,0.003150,0.000000
us_000533506,0.003150,0.000000
us_000598085,0.003150,0.000001
us_000599265,0.003150,0.000001
us_000505560,0.003150,0.000004
pr_001941636,0.003150,0.000004
us_000539302,0.003150,0.000011
us_000495607,0.003150,0.000014
us_000512844,0.003150,0.000133
us_000621068,0.003150,0.000465
us_000528433,0.003150,0.000504
us_000579690,0.003150,0.000810
us_000602897,0.003150,0.001096
us_000607364,0.003150,0.001538
us_000612729,0.003150,0.003997
us_000575482,0.003150,0.004532
us_000619003,0.003150,0.004926
us_000461732,0.003150,0.005003
us_000608087,0.003150,0.006164
us_000475977,0.003150,0.091074
us_000563487,0.003150,0.112697
us_000574200,0.003150,0.115615
us_000622235,0.003150,0.116514
us_000594438,0.003150,0.120877
us_000597075,0.003150,0.121113
us_000475971,0.003150,0.121185
us_000483768,0.003150,0.126607
us_000563992,0.003150,0.126953
us_000593631,0.003150,0.127756
us_000619777,0.003150,0.128742
us_000560729,0.003150,0.129112
us_000572266,0.003150,0.131927
us_000471078,0.003150,0.132147
us_000574916,0.003150,0.132517
us_000525393,0.003150,0.136886
us_000511422,0.003150,0.138932
us_000292717,0.003150,0.139636
us_000578609,0.003150,0.140780
us_000574769,0.003150,0.141476
us_000563439,0.003150,0.141619
us_000524923,0.003150,0.144391
us_000621648,0.003150,0.144798
us_000545137,0.003150,0.146218
us_000574949,0.003150,0.147087
us_000491722,0.003150,0.147145
us_000613539,0.003150,0.148116
us_000617386,0.003150,0.149912
us_000622224,0.003150,0.150049
us_000622035,0.003150,0.153182
us_000542251,0.003150,0.153274
us_000477705,0.003150,0.155331
us_000584061,0.003150,0.155846
us_000563825,0.003150,0.155876
us_000616547,0.003150,0.155905
us_000622390,0.003150,0.155925
us_000622268,0.003150,0.156104
us_000622664,0.003150,0.156831
us_000621827,0.003150,0.163604
us_000600179,0.003150,0.164556
us_000574984,0.003150,0.167558
us_000542087,0.003150,0.168562
us_000622486,0.003150,0.170678
us_000622485,0.003150,0.170678
us_000494121,0.003150,0.171170
us_000542471,0.003150,0.171501
us_000622667,0.003150,0.173883
us_000622660,0.003150,0.173892
us_000622644,0.003150,0.173911
us_000563957,0.003150,0.174766
us_000491879,0.003150,0.175298
us_000622565,0.003150,0.175380
us_000622593,0.003150,0.175688
us_000574881,0.003150,0.177144
us_000622767,0.003150,0.179398
us_000613619,0.003150,0.179588
us_000622509,0.003150,0.181005
us_000567185,0.003150,0.181096
us_000524934,0.003150,0.182476
us_000622637,0.003150,0.182656
us_000583838,0.003150,0.185340
us_000622270,0.003150,0.185535
us_000572044,0.003150,0.191776
us_000472086,0.003150,0.193219
us_000581648,0.003150,0.203288
us_000581992,0.003150,0.207549
us_000563790,0.003150,0.209854
us_000600690,0.003150,0.212398
us_000471066,0.003150,0.213525
us_000526291,0.003150,0.247291
us_000596622,0.003150,0.260891
us_000621638,0.003150,0.263606
us_000492086,0.003150,0.266611
us_000622434,0.003150,0.276589
us_000622257,0.003150,0.280140
us_000621807,0.003150,0.283106
us_000525333,0.003150,0.286142
us_000545167,0.003150,0.297830
us_000621313,0.003150,0.299014
us_000589968,0.003150,0.309306
us_000589747,0.003150,0.309377
us_000589681,0.003150,0.312721
us_000589611,0.003150,0.312891
us_000545355,0.003150,0.315686
us_000545183,0.003150,0.322090
us_000600594,0.003150,0.326481
us_000622318,0.003150,0.335523
us_000621612,0.003150,0.341002
us_000531815,0.003150,0.354874
pr_001689737,0.003150,0.406953
us_000563247,0.003150,0.463336
us_000564184,0.003150,0.470140
us_000589586,0.003150,0.559316
us_000622502,0.003150,0.571942
us_000554913,0.003150,0.663419
us_000596725,0.003150,6.941579
pr_001603816,0.002868,0.000000
us_000464434,0.002868,0.000000
pr_001909544,0.002868,0.000000
pr_001951273,0.002868,0.000000
pr_000986992,0.002868,0.000000
us_000528852,0.002868,0.000000
us_000528099,0.002868,0.000000
us_000594577,0.002868,0.000000
pr_000615708,0.002868,0.000000
us_000521623,0.002868,0.000001
us_000547264,0.002868,0.000001
us_000505423,0.002868,0.000002
us_000569145,0.002868,0.000004
us_000599087,0.002868,0.000036
us_000562090,0.002868,0.000041
us_000565219,0.002868,0.000054
us_000523036,0.002868,0.000057
us_000615941,0.002868,0.000061
us_000561315,0.002868,0.000067
us_000602069,0.002868,0.000083
us_000596359,0.002868,0.000086
us_000601419,0.002868,0.000090
us_000614150,0.002868,0.000095
us_000524209,0.002868,0.000114
us_000519720,0.002868,0.000116
us_000613435,0.002868,0.000169
us_000551668,0.002868,0.000209
us_000584444,0.002868,0.000278
us_000536574,0.002868,0.000304
us_000545860,0.002868,0.000325
us_000573547,0.002868,0.000345
us_000518463,0.002868,0.000345
us_000595604,0.002868,0.000364
us_000589299,0.002868,0.000884
us_000608312,0.002868,0.001323
us_000597103,0.002868,0.001342
us_000544069,0.002868,0.001483
us_000574686,0.002868,0.001796
us_000536671,0.002868,0.001876
us_000569642,0.002868,0.002217
pr_000728808,0.002868,0.006132
us_000590925,0.002868,0.010391
us_000587020,0.002868,0.017987
us_000599519,0.002868,0.019826
us_000554232,0.002868,0.136814
